camera,frame_id,mode,changed_percent,reused_percent,full_dinov2_seconds,selective_total_seconds,selected_tokens,transformer_token_fraction,mean_patch_cosine,median_patch_cosine,mean_relative_l2,median_relative_l2
FV,0,initial_full,100.0,0.0,0.10690591499997026,0.10690591499997026,2026,1.0,1.0,1.0,0.0,0.0
FV,1,temporal_reuse,32.74074074074074,67.25925925925927,0.06860256499999196,0.07767849600008958,664,0.32773938795656465,0.7086521983146667,0.7613852024078369,0.7707579731941223,0.7519559264183044
FV,2,temporal_reuse,23.802469135802472,76.19753086419753,0.06528267900011997,0.07312748599997576,483,0.23840078973346496,0.6605014204978943,0.7197024822235107,0.7952100038528442,0.7736937403678894
FV,3,temporal_reuse,27.950617283950617,72.04938271604938,0.06706930099994679,0.07336796100003085,567,0.27986179664363275,0.7139543294906616,0.7759126424789429,0.7699853181838989,0.7456880807876587
FV,4,temporal_reuse,22.814814814814817,77.18518518518519,0.06684341599998334,0.07000382599994737,463,0.22852912142152024,0.6474696397781372,0.7132136225700378,0.7992433905601501,0.77769535779953
FV,5,temporal_reuse,23.555555555555554,76.44444444444444,0.06863311299980523,0.07100485499995557,478,0.23593287265547877,0.7166672945022583,0.7669644355773926,0.7668235301971436,0.748276948928833
FV,6,temporal_reuse,30.02469135802469,69.97530864197532,0.06734636300006969,0.07170035999979518,609,0.3005923000987167,0.7142111659049988,0.7637587785720825,0.7688199281692505,0.7500697374343872
FV,7,temporal_reuse,27.45679012345679,72.54320987654322,0.07214640699999109,0.07292002700000921,557,0.27492596248766044,0.6788366436958313,0.7352592349052429,0.7887027263641357,0.7706515789031982
FV,8,temporal_reuse,28.098765432098766,71.90123456790124,0.07013864900000044,0.07150653200005763,570,0.2813425468904245,0.7297083139419556,0.7857843637466431,0.7613192200660706,0.741949737071991
FV,9,temporal_reuse,31.45679012345679,68.54320987654322,0.06927694099999826,0.07203465700013112,638,0.3149062191510365,0.740120530128479,0.7929326295852661,0.7531669735908508,0.7339736223220825
FV,10,temporal_reuse,30.962962962962965,69.03703703703704,0.07041450899987467,0.07437687800006643,628,0.3099703849950642,0.6985674500465393,0.7555712461471558,0.7755678296089172,0.7590338587760925
FV,11,temporal_reuse,27.950617283950617,72.04938271604938,0.07146808099992086,0.07296493100011503,567,0.27986179664363275,0.6803736090660095,0.7292815446853638,0.7870867848396301,0.7716108560562134
FV,12,temporal_reuse,39.75308641975309,60.24691358024691,0.07181579600000987,0.0743174970000382,806,0.39782823297137215,0.7252354621887207,0.7845590114593506,0.7630404233932495,0.7438812851905823
FV,13,temporal_reuse,62.46913580246913,37.53086419753087,0.07174845000008645,0.0884975609999401,1266,0.6248766041461007,0.7252636551856995,0.7813359498977661,0.756788432598114,0.7324225902557373
FV,14,temporal_reuse,29.1358024691358,70.8641975308642,0.07381394999993063,0.07269497199990838,591,0.2917077986179664,0.5494135618209839,0.6150602102279663,0.842863917350769,0.8233885765075684
FV,15,temporal_reuse,34.76543209876543,65.23456790123457,0.07068183499995939,0.09086114199999429,705,0.34797630799605134,0.7333791851997375,0.7816217541694641,0.7534661889076233,0.7361435294151306
FV,16,temporal_reuse,33.53086419753086,66.46913580246914,0.07076403099995332,0.07731251999985034,680,0.33563672260612043,0.6949290633201599,0.7536624073982239,0.7751075029373169,0.7558988928794861
FV,17,temporal_reuse,37.03703703703704,62.96296296296296,0.06987189400001625,0.08250766199989812,751,0.3706811451135242,0.7054717540740967,0.7507968544960022,0.7717017531394958,0.755740761756897
FV,18,temporal_reuse,35.851851851851855,64.14814814814815,0.06131928400009201,0.08106943100005992,727,0.3588351431391905,0.7354853749275208,0.7938792109489441,0.760351836681366,0.7403048276901245
FV,19,temporal_reuse,33.62962962962963,66.37037037037037,0.06337808799980849,0.08104706499989334,682,0.3366238894373149,0.718041181564331,0.7690439224243164,0.7654544115066528,0.7466143369674683
FV,20,temporal_reuse,25.77777777777778,74.22222222222223,0.0666595170000619,0.07746350000002167,523,0.2581441263573544,0.6612327694892883,0.736843466758728,0.7950968742370605,0.7671670317649841
FV,21,temporal_reuse,34.913580246913575,65.08641975308643,0.0638848969999799,0.07819995299996663,708,0.34945705824284307,0.7129846811294556,0.7691516876220703,0.7719685435295105,0.7537039518356323
FV,22,temporal_reuse,20.39506172839506,79.60493827160494,0.06528857000012067,0.07309869699997762,414,0.20434353405725567,0.6232848167419434,0.6788758635520935,0.8127663135528564,0.7947288155555725
FV,23,temporal_reuse,19.012345679012345,80.98765432098766,0.06919135400016785,0.0755902949999836,386,0.19052319842053306,0.6919759511947632,0.7468372583389282,0.7822325825691223,0.7641113996505737
FV,24,temporal_reuse,33.33333333333333,66.66666666666667,0.0682155800000146,0.0762894580000193,676,0.3336623889437315,0.6784994602203369,0.7510671615600586,0.7832404971122742,0.757339358329773
FV,25,temporal_reuse,17.925925925925927,82.07407407407408,0.06834884200020497,0.07861813700014864,364,0.17966436327739388,0.6192649006843567,0.6910114884376526,0.816236138343811,0.7916700839996338
FV,26,temporal_reuse,20.641975308641975,79.35802469135803,0.0677573460000076,0.070171880000089,419,0.20681145113524185,0.7077318429946899,0.767845630645752,0.7742980718612671,0.753896176815033
FV,27,temporal_reuse,18.71604938271605,81.28395061728395,0.06539530600002763,0.07157777899988105,380,0.18756169792694966,0.6621726751327515,0.7286433577537537,0.7932942509651184,0.7670156955718994
FV,33,temporal_reuse,30.617283950617285,69.38271604938271,0.06809645699991052,0.07872003600004973,621,0.30651530108588354,0.6114163398742676,0.6675217151641846,0.8136576414108276,0.7947618365287781
FV,34,temporal_reuse,19.160493827160494,80.8395061728395,0.06416729000011401,0.07197912299989184,389,0.1920039486673248,0.6217144727706909,0.6963663697242737,0.8130783438682556,0.7864100337028503
FV,37,temporal_reuse,2.814814814814815,97.18518518518519,0.0675753729999542,0.14147909999996955,58,0.028627838104639685,0.5265704393386841,0.5733526945114136,0.8571270108222961,0.8462842702865601
FV,39,temporal_reuse,23.11111111111111,76.88888888888889,0.06487447399990742,0.07483486199998879,469,0.23149062191510364,0.6283836364746094,0.6837838888168335,0.8131570816040039,0.7943840026855469
RV,28,initial_full,100.0,0.0,0.07308647900003962,0.07308647900003962,2026,1.0,1.0,1.0,0.0,0.0
RV,29,temporal_reuse,16.098765432098766,83.90123456790124,0.07261096899992481,0.07405009400008566,327,0.16140177690029614,0.6660666465759277,0.7203671932220459,0.7860230803489685,0.7709120512008667
RV,30,temporal_reuse,11.703703703703704,88.29629629629629,0.07365523099997517,0.07112134199996945,238,0.11747285291214216,0.6627500653266907,0.7328009605407715,0.7910330891609192,0.7707282900810242
RV,31,temporal_reuse,11.851851851851853,88.14814814814815,0.0711134860000584,0.06807273000003988,241,0.11895360315893386,0.7242934703826904,0.7838839292526245,0.7596907615661621,0.7432501912117004
RV,32,temporal_reuse,15.604938271604937,84.39506172839506,0.07520499299994299,0.07003491700015729,317,0.1564659427443238,0.7198578119277954,0.7801222205162048,0.7602123022079468,0.7431477308273315
RV,35,temporal_reuse,30.17283950617284,69.82716049382717,0.043936221999956615,0.07577506899997388,612,0.3020730503455084,0.6713613867759705,0.7489250898361206,0.7763252258300781,0.745548665523529
RV,36,temporal_reuse,25.037037037037035,74.96296296296296,0.07421628199995212,0.06928744300012113,508,0.25074037512339586,0.6859470009803772,0.7521200180053711,0.7723143696784973,0.7522572875022888
RV,38,temporal_reuse,24.395061728395063,75.60493827160494,0.07329552400005923,0.0706468330001826,495,0.2443237907206318,0.6533710956573486,0.7239954471588135,0.7895393371582031,0.7628825306892395
RV,48,temporal_reuse,15.259259259259258,84.74074074074075,0.06984429799990721,0.06791917900000044,310,0.15301085883514315,0.6401597857475281,0.7151308059692383,0.7972235679626465,0.7785139679908752
RV,49,temporal_reuse,21.23456790123457,78.76543209876543,0.06260163699994337,0.09045082900001944,431,0.21273445212240868,0.7193883657455444,0.7699133157730103,0.7596105337142944,0.7482314705848694
RV,50,temporal_reuse,17.185185185185183,82.81481481481481,0.06838134800000262,0.06964190000007875,349,0.17226061204343535,0.7082043290138245,0.7712684273719788,0.7652052044868469,0.7495259046554565
RV,51,temporal_reuse,31.851851851851855,68.14814814814815,0.06730014599997958,0.07582384699981048,646,0.3188548864758144,0.75077223777771,0.8058538436889648,0.7387198805809021,0.7151175141334534
RV,52,temporal_reuse,19.358024691358025,80.64197530864197,0.06716546399979961,0.07937305699988428,393,0.19397828232971373,0.7057470083236694,0.7739511132240295,0.7635108232498169,0.7406450510025024
RV,57,temporal_reuse,17.580246913580247,82.41975308641975,0.06421191000004,0.07129109599986805,357,0.17620927936821323,0.683921217918396,0.7504024505615234,0.7749225497245789,0.748196005821228
RV,58,temporal_reuse,19.901234567901234,80.09876543209876,0.07135146899986466,0.07435118600005808,404,0.19940769990128332,0.7150722146034241,0.7754338979721069,0.7584007382392883,0.7358712553977966
RV,63,temporal_reuse,18.320987654320987,81.67901234567901,0.06795898100017439,0.06792821999988519,372,0.18361303060217177,0.6992396116256714,0.7680343985557556,0.7676724195480347,0.7465342283248901
RV,64,temporal_reuse,20.98765432098765,79.01234567901236,0.06741184900010921,0.06765844200003812,426,0.2102665350444225,0.7831531167030334,0.818882942199707,0.7267513275146484,0.7167284488677979
RV,67,temporal_reuse,16.938271604938272,83.06172839506172,0.06946931300012693,0.06757956199999171,344,0.16979269496544916,0.7128300666809082,0.7790776491165161,0.7606438994407654,0.7364426255226135
RV,72,temporal_reuse,25.876543209876544,74.12345679012346,0.07040910599994277,0.07318430000009357,525,0.2591312931885489,0.7069405317306519,0.7696961164474487,0.7604299187660217,0.7341009974479675
RV,73,temporal_reuse,22.71604938271605,77.28395061728395,0.06917157799989582,0.06936632300016754,461,0.22754195459032575,0.6831329464912415,0.7505831718444824,0.7737980484962463,0.7479069232940674
RV,78,temporal_reuse,25.135802469135804,74.8641975308642,0.07026851799992073,0.0711054889998195,510,0.25172754195459035,0.6748746037483215,0.7267585396766663,0.7797198295593262,0.7612776160240173
RV,79,temporal_reuse,0.8888888888888888,99.11111111111111,0.06994441500000903,0.0696067359999688,19,0.009378084896347482,0.6202594041824341,0.6711701154708862,0.8089077472686768,0.7945389747619629
RV,86,temporal_reuse,22.51851851851852,77.48148148148148,0.07037595600013447,0.07850130499991792,457,0.22556762092793683,0.7447494864463806,0.7955604791641235,0.7445953488349915,0.7287395000457764
RV,87,temporal_reuse,29.23456790123457,70.76543209876543,0.07137814099996831,0.07475530100009564,593,0.2926949654491609,0.7464545965194702,0.7926809787750244,0.7432050108909607,0.7276431918144226
RV,88,temporal_reuse,27.703703703703702,72.2962962962963,0.06986750400005803,0.07505406700011008,562,0.2773938795656466,0.710427463054657,0.7821159362792969,0.7574568390846252,0.7299854755401611
RV,103,temporal_reuse,23.85185185185185,76.14814814814815,0.07181612899989887,0.07286436200001845,484,0.2388943731490622,0.7085835933685303,0.7726461887359619,0.7595227956771851,0.7382784485816956
RV,104,temporal_reuse,39.7037037037037,60.2962962962963,0.06671636999999464,0.08412976700014951,805,0.3973346495557749,0.7321374416351318,0.7875847816467285,0.744860053062439,0.7193306684494019
RV,105,temporal_reuse,33.876543209876544,66.12345679012346,0.06698851699979969,0.07760866700004954,687,0.3390918065153011,0.7553277015686035,0.8036060333251953,0.7337659597396851,0.7154552936553955
RV,106,temporal_reuse,20.444444444444446,79.55555555555556,0.06700777300011396,0.08238997199987352,415,0.2048371174728529,0.683174192905426,0.7395403385162354,0.7741047739982605,0.7530412077903748
RV,107,temporal_reuse,21.23456790123457,78.76543209876543,0.0656217129999277,0.0766932229998929,431,0.21273445212240868,0.7019490003585815,0.7747191190719604,0.7653436660766602,0.7413027286529541
RV,108,temporal_reuse,37.4320987654321,62.5679012345679,0.06427144200006296,0.07930097799999203,759,0.37462981243830207,0.7076773643493652,0.7670963406562805,0.7572060823440552,0.7328163981437683
RV,109,temporal_reuse,31.01234567901234,68.98765432098766,0.06724348200009445,0.07767895599999974,629,0.31046396841066143,0.7412556409835815,0.793861985206604,0.7416061162948608,0.720226526260376
MVL,140,initial_full,100.0,0.0,0.07291757699999835,0.07291757699999835,2026,1.0,1.0,1.0,0.0,0.0
MVL,141,temporal_reuse,24.098765432098766,75.90123456790124,0.0736676050000824,0.07366328599982808,489,0.24136229022704836,0.6152288913726807,0.6654713749885559,0.807754397392273,0.7862534523010254
MVL,142,temporal_reuse,38.71604938271605,61.28395061728395,0.0730557960000624,0.07978222099995946,785,0.3874629812438302,0.6838976740837097,0.7243376970291138,0.771050751209259,0.7512484192848206
MVL,143,temporal_reuse,33.28395061728395,66.71604938271605,0.07230785999990985,0.07566154699998151,675,0.33316880552813427,0.6927081942558289,0.742082417011261,0.7651436924934387,0.7418562173843384
MVL,144,temporal_reuse,16.790123456790123,83.20987654320987,0.07105996799987224,0.070738929999834,341,0.16831194471865746,0.5133901834487915,0.5626082420349121,0.8596178293228149,0.8390486240386963
MVL,145,temporal_reuse,36.49382716049382,63.50617283950618,0.06796547600015401,0.07721343499997602,740,0.36525172754195456,0.6529532074928284,0.6938152313232422,0.7847574353218079,0.7676388621330261
MVL,165,temporal_reuse,23.60493827160494,76.39506172839506,0.06493886799989923,0.07293870400008018,479,0.236426456071076,0.6011341214179993,0.6496450901031494,0.813902735710144,0.7925868630409241
MVL,169,temporal_reuse,29.333333333333332,70.66666666666667,0.07104534999984935,0.07248129300000983,595,0.2936821322803554,0.6519626379013062,0.6895509958267212,0.7881910800933838,0.7720016241073608
MVL,173,temporal_reuse,22.617283950617285,77.38271604938271,0.06285183999989385,0.07224951100010912,459,0.2265547877591313,0.6082244515419006,0.6576117277145386,0.8078067898750305,0.7885326147079468
MVL,180,temporal_reuse,18.617283950617285,81.38271604938271,0.06409525599997323,0.07727954099982526,378,0.18657453109575517,0.6158869862556458,0.6611851453781128,0.8051044344902039,0.7847766280174255
MVL,181,temporal_reuse,18.864197530864196,81.1358024691358,0.054838666000023295,0.07786456300004829,383,0.18904244817374136,0.6352815628051758,0.6920782327651978,0.7945613861083984,0.7686936855316162
MVL,182,temporal_reuse,17.925925925925927,82.07407407407408,0.06421930200008319,0.07441385199990691,364,0.17966436327739388,0.6886429786682129,0.7341580390930176,0.7664805054664612,0.7474765181541443
MVL,183,temporal_reuse,21.432098765432098,78.5679012345679,0.06389191499988556,0.07679138200001034,435,0.21470878578479763,0.6671211123466492,0.7186119556427002,0.7767781615257263,0.753536581993103
MVL,202,temporal_reuse,26.51851851851852,73.48148148148148,0.061861730000146053,0.07382538600018052,538,0.26554787759131293,0.5718438625335693,0.6187903881072998,0.8214035630226135,0.8065224289894104
MVL,203,temporal_reuse,38.074074074074076,61.925925925925924,0.06364583100003074,0.07751260700001694,772,0.3810463968410661,0.7163964509963989,0.7479179501533508,0.7473616003990173,0.7348631620407104
MVL,204,temporal_reuse,32.2962962962963,67.7037037037037,0.06179070600001069,0.08430103699993197,655,0.3232971372161895,0.7394924759864807,0.7683612108230591,0.7370460629463196,0.7245271801948547
MVL,205,temporal_reuse,35.45679012345679,64.54320987654322,0.061742383000137124,0.08071079300020756,719,0.3548864758144126,0.7382327914237976,0.769424319267273,0.7373720407485962,0.7229238748550415
MVL,206,temporal_reuse,31.061728395061728,68.93827160493828,0.06273353699998552,0.07269343699999808,630,0.3109575518262586,0.7172706723213196,0.7524199485778809,0.7510632276535034,0.7352352142333984
MVL,207,temporal_reuse,41.48148148148148,58.51851851851852,0.06285348599999452,0.0775770980001198,841,0.41510365251727543,0.7509852647781372,0.7795777916908264,0.7270857691764832,0.7156159281730652
MVL,208,temporal_reuse,37.23456790123457,62.76543209876543,0.06591277500001524,0.07369325599984222,755,0.37265547877591315,0.7403178215026855,0.776633620262146,0.7313798666000366,0.7171987295150757
MVL,209,temporal_reuse,34.76543209876543,65.23456790123457,0.06267136099995696,0.07604894199994305,705,0.34797630799605134,0.706166684627533,0.7533702254295349,0.7549098134040833,0.7331373691558838
MVL,210,temporal_reuse,38.41975308641975,61.58024691358025,0.0643840640000235,0.07550655999989431,779,0.3845014807502468,0.7220585942268372,0.7552793025970459,0.7449303865432739,0.7284150123596191
MVL,211,temporal_reuse,34.5679012345679,65.4320987654321,0.06193980499983809,0.07650556500016137,701,0.34600197433366237,0.7353984713554382,0.7654330730438232,0.7411819100379944,0.7287552356719971
MVL,212,temporal_reuse,37.48148148148148,62.51851851851852,0.062974517000157,0.07715191100010088,760,0.3751233958538993,0.7307946085929871,0.7614326477050781,0.7422834634780884,0.730435848236084
MVL,234,temporal_reuse,24.395061728395063,75.60493827160494,0.06428928900004394,0.07260362500005613,495,0.2443237907206318,0.6461992263793945,0.6952401399612427,0.7888800501823425,0.7689498066902161
MVL,239,temporal_reuse,29.185185185185187,70.81481481481481,0.06260691100010263,0.07244952900009594,592,0.29220138203356366,0.616195023059845,0.6788330674171448,0.8060503602027893,0.7772308588027954
MVL,247,temporal_reuse,21.82716049382716,78.17283950617283,0.06855019899990111,0.0682582030001413,443,0.21865745310957552,0.569469690322876,0.6044679880142212,0.830660879611969,0.8160669803619385
MVL,248,temporal_reuse,10.123456790123457,89.87654320987654,0.05677938000007998,0.07146055899988824,206,0.1016781836130306,0.553605318069458,0.5922859907150269,0.8395598530769348,0.821793258190155
MVL,249,temporal_reuse,9.62962962962963,90.37037037037037,0.06260322499997528,0.07449367499998516,196,0.09674234945705824,0.6672350168228149,0.7192569375038147,0.7829558253288269,0.7638508081436157
MVL,256,temporal_reuse,23.950617283950617,76.04938271604938,0.06283145300017168,0.07789451600001485,486,0.23988153998025666,0.6304093599319458,0.6790105104446411,0.7990023493766785,0.7783950567245483
MVL,260,temporal_reuse,16.049382716049383,83.95061728395062,0.061419276999913563,0.0765979640000296,326,0.16090819348469892,0.5765123963356018,0.6185846328735352,0.8264523148536682,0.8079420924186707
MVL,270,temporal_reuse,27.012345679012345,72.98765432098766,0.060647423000091294,0.07512308199989093,548,0.2704837117472853,0.6124909520149231,0.6606045365333557,0.8066519498825073,0.7876084446907043
MVR,44,initial_full,100.0,0.0,0.06564881200006312,0.06564881200006312,2026,1.0,1.0,1.0,0.0,0.0
MVR,45,temporal_reuse,11.80246913580247,88.19753086419753,0.0672170290001759,0.07117886399987583,240,0.11846001974333663,0.7144148945808411,0.7495344877243042,0.7557547688484192,0.7411702275276184
MVR,46,temporal_reuse,16.938271604938272,83.06172839506172,0.06547852099993179,0.07092731800003094,344,0.16979269496544916,0.6433537006378174,0.6950571537017822,0.7897449135780334,0.7695784568786621
MVR,47,temporal_reuse,19.654320987654323,80.34567901234567,0.06865967599992473,0.07574546399996507,399,0.19693978282329713,0.6962660551071167,0.7269352674484253,0.7633689045906067,0.7535527944564819
MVR,55,temporal_reuse,30.617283950617285,69.38271604938271,0.06588900200017633,0.07376469800010454,621,0.30651530108588354,0.6927892565727234,0.7269400358200073,0.7693845629692078,0.7554892301559448
MVR,56,temporal_reuse,21.530864197530864,78.46913580246914,0.07084604800002126,0.06824050299996998,437,0.21569595261599211,0.6553178429603577,0.7162392139434814,0.7879830002784729,0.7632545232772827
MVR,61,temporal_reuse,14.864197530864198,85.1358024691358,0.07083095400003003,0.07198087699998723,302,0.14906219151036526,0.5889118909835815,0.6368346214294434,0.8188488483428955,0.8004000782966614
MVR,62,temporal_reuse,15.407407407407408,84.5925925925926,0.066352980000147,0.06915631099991515,313,0.15449160908193485,0.682698667049408,0.7331159114837646,0.7735629677772522,0.7567415237426758
MVR,66,temporal_reuse,14.222222222222221,85.77777777777777,0.06348093799988419,0.07120966499996939,289,0.14264560710760119,0.6602570414543152,0.7130200862884521,0.784112274646759,0.7663276791572571
MVR,70,temporal_reuse,29.28395061728395,70.71604938271605,0.06443453700012469,0.07554630499998893,594,0.29318854886475815,0.6932370066642761,0.7320867776870728,0.7672362327575684,0.7530184388160706
MVR,71,temporal_reuse,20.938271604938272,79.06172839506172,0.05997684500016476,0.07147262299986323,425,0.20977295162882528,0.6525577902793884,0.6933096647262573,0.7864097356796265,0.7707180976867676
MVR,76,temporal_reuse,26.320987654320987,73.67901234567901,0.06007612100006554,0.07582196399994245,534,0.263573543928924,0.6592214107513428,0.6869724988937378,0.7870133519172668,0.7757722735404968
MVR,77,temporal_reuse,0.34567901234567905,99.65432098765432,0.0638178809999772,0.11892602599982638,8,0.003948667324777887,0.5987942814826965,0.6402201652526855,0.8184979557991028,0.8040490746498108
MVR,83,temporal_reuse,16.049382716049383,83.95061728395062,0.06165200600003118,0.07219193199989604,326,0.16090819348469892,0.6462230086326599,0.691820502281189,0.79050612449646,0.7719946503639221
MVR,84,temporal_reuse,15.654320987654321,84.34567901234568,0.06312567800000579,0.07708606599999257,318,0.15695952615992104,0.6763412356376648,0.7080087661743164,0.7743203639984131,0.7636110782623291
MVR,85,temporal_reuse,25.97530864197531,74.02469135802468,0.06016590399985944,0.07543176799981666,527,0.2601184600197433,0.6377264261245728,0.686348557472229,0.7949593663215637,0.7737573981285095
MVR,96,temporal_reuse,24.987654320987655,75.01234567901234,0.06403238300003977,0.07258819700018648,507,0.2502467917077986,0.6396294236183167,0.6931211948394775,0.7911801338195801,0.7685829997062683
MVR,97,temporal_reuse,35.851851851851855,64.14814814814815,0.060222734000035416,0.07674602399993091,727,0.3588351431391905,0.6808456778526306,0.7186188697814941,0.7684516906738281,0.7499613165855408
MVR,98,temporal_reuse,34.123456790123456,65.87654320987654,0.05733927699998276,0.0786530870000206,692,0.3415597235932873,0.7143245935440063,0.7463427782058716,0.75432950258255,0.7413045167922974
MVR,99,temporal_reuse,26.814814814814813,73.18518518518519,0.061082892000058564,0.07502144699992641,544,0.26850937808489633,0.6374524831771851,0.6688681244850159,0.7944632768630981,0.7828761339187622
MVR,100,temporal_reuse,20.88888888888889,79.11111111111111,0.06339415100001133,0.07802556299998287,424,0.20927936821322804,0.6283135414123535,0.6835944652557373,0.7976003289222717,0.778071403503418
MVR,101,temporal_reuse,33.382716049382715,66.61728395061729,0.06573088899995128,0.08534460099986063,677,0.3341559723593287,0.6545501947402954,0.6871504187583923,0.7859687209129333,0.7726000547409058
MVR,102,temporal_reuse,41.53086419753087,58.46913580246913,0.06400820099997873,0.08459206600014113,842,0.4155972359328727,0.7161699533462524,0.747300386428833,0.7536086440086365,0.7412346005439758
MVR,116,temporal_reuse,28.444444444444443,71.55555555555556,0.06364093900015177,0.07443009300004633,577,0.28479763079960513,0.6492542624473572,0.6900091171264648,0.7897239327430725,0.7747495770454407
MVR,117,temporal_reuse,29.728395061728396,70.27160493827161,0.06251785500012375,0.07906341800003247,603,0.2976307996051333,0.7057314515113831,0.7435237765312195,0.7595775723457336,0.7451230883598328
MVR,118,temporal_reuse,14.716049382716049,85.28395061728395,0.06468194500007485,0.07349901599991426,299,0.14758144126357353,0.6320516467094421,0.6820478439331055,0.7983446717262268,0.7783899903297424
MVR,119,temporal_reuse,35.50617283950617,64.49382716049382,0.06474223100008203,0.08091822999995202,720,0.35538005923000987,0.6832101345062256,0.7321245670318604,0.7719326019287109,0.7496435046195984
MVR,120,temporal_reuse,9.037037037037036,90.96296296296296,0.06505833000005623,0.0748884319998524,184,0.09081934846989141,0.6057303547859192,0.6525627374649048,0.813773512840271,0.7981659770011902
MVR,121,temporal_reuse,24.49382716049383,75.50617283950618,0.06607698700008768,0.0747432260000096,497,0.24531095755182625,0.6480152606964111,0.6883761286735535,0.793515145778656,0.7799501419067383
MVR,129,temporal_reuse,17.530864197530864,82.46913580246914,0.06314785599988681,0.0773149880001256,356,0.175715695952616,0.6202663779258728,0.6462461948394775,0.8083192110061646,0.8025575876235962
MVR,146,temporal_reuse,18.37037037037037,81.62962962962963,0.06424585300010222,0.07833005699990281,373,0.184106614017769,0.6433123350143433,0.6731528639793396,0.7920392155647278,0.7831335663795471
MVR,147,temporal_reuse,27.012345679012345,72.98765432098766,0.0630858460001491,0.0774418539999715,548,0.2704837117472853,0.7048065662384033,0.7366875410079956,0.7563804388046265,0.7435027360916138
