camera,cosine_threshold,stable_percent,stable_std,mean_cosine,median_cosine,mean_relative_l2,median_relative_l2
FV,0.9,68.28395061728395,6.083830938606209,0.890134260058403,0.9534582644701004,0.3883028104901314,0.30290357768535614
FV,0.95,52.592592592592595,6.681308631918358,0.890134260058403,0.9534582644701004,0.3883028104901314,0.30290357768535614
FV,0.98,29.567901234567902,5.824693825216123,0.890134260058403,0.9534582644701004,0.3883028104901314,0.30290357768535614
FV,0.99,13.425925925925926,3.817368140329352,0.890134260058403,0.9534582644701004,0.3883028104901314,0.30290357768535614
MVL,0.9,53.7962962962963,6.1598134164938285,0.8162277340888977,0.9109616428613663,0.5216911919414997,0.4214674271643162
MVL,0.95,36.08641975308642,6.009623508706496,0.8162277340888977,0.9109616428613663,0.5216911919414997,0.4214674271643162
MVL,0.98,11.222222222222221,5.796033806153457,0.8162277340888977,0.9109616428613663,0.5216911919414997,0.4214674271643162
MVL,0.99,1.8950617283950617,2.1050740334916296,0.8162277340888977,0.9109616428613663,0.5216911919414997,0.4214674271643162
MVR,0.9,70.9074074074074,6.861351598121379,0.8982062190771103,0.9597894847393036,0.3699640668928623,0.2826028298586607
MVR,0.95,55.94444444444444,6.300862887314832,0.8982062190771103,0.9597894847393036,0.3699640668928623,0.2826028298586607
MVR,0.98,33.96913580246914,5.182223896143961,0.8982062190771103,0.9597894847393036,0.3699640668928623,0.2826028298586607
MVR,0.99,15.493827160493826,3.2879661437067274,0.8982062190771103,0.9597894847393036,0.3699640668928623,0.2826028298586607
RV,0.9,72.66666666666667,5.932095553756151,0.9031587764620781,0.9679828658699989,0.3464188389480114,0.2505628224462271
RV,0.95,60.72839506172839,7.051224906548904,0.9031587764620781,0.9679828658699989,0.3464188389480114,0.2505628224462271
RV,0.98,41.24074074074074,5.953401179795852,0.9031587764620781,0.9679828658699989,0.3464188389480114,0.2505628224462271
RV,0.99,25.962962962962962,4.868412394254816,0.9031587764620781,0.9679828658699989,0.3464188389480114,0.2505628224462271
