camera,frame_id,cosine_threshold,stable_tokens,total_tokens,stable_percent,mean_cosine,median_cosine,min_cosine,mean_relative_l2,median_relative_l2
FV,0,0.9,1377,2025,68.0,0.8918582201004028,0.9510256052017212,0.12955868244171143,0.3907817304134369,0.31317010521888733
FV,0,0.95,1021,2025,50.419753086419746,0.8918582201004028,0.9510256052017212,0.12955868244171143,0.3907817304134369,0.31317010521888733
FV,0,0.98,520,2025,25.679012345679013,0.8918582201004028,0.9510256052017212,0.12955868244171143,0.3907817304134369,0.31317010521888733
FV,0,0.99,258,2025,12.74074074074074,0.8918582201004028,0.9510256052017212,0.12955868244171143,0.3907817304134369,0.31317010521888733
FV,1,0.9,1244,2025,61.432098765432094,0.8629657626152039,0.9361414909362793,0.16306611895561218,0.4435917139053345,0.35779064893722534
FV,1,0.95,877,2025,43.308641975308646,0.8629657626152039,0.9361414909362793,0.16306611895561218,0.4435917139053345,0.35779064893722534
FV,1,0.98,421,2025,20.790123456790123,0.8629657626152039,0.9361414909362793,0.16306611895561218,0.4435917139053345,0.35779064893722534
FV,1,0.99,166,2025,8.19753086419753,0.8629657626152039,0.9361414909362793,0.16306611895561218,0.4435917139053345,0.35779064893722534
FV,2,0.9,1525,2025,75.30864197530865,0.9164407849311829,0.9682921171188354,0.30924955010414124,0.33711546659469604,0.25249359011650085
FV,2,0.95,1230,2025,60.74074074074074,0.9164407849311829,0.9682921171188354,0.30924955010414124,0.33711546659469604,0.25249359011650085
FV,2,0.98,756,2025,37.333333333333336,0.9164407849311829,0.9682921171188354,0.30924955010414124,0.33711546659469604,0.25249359011650085
FV,2,0.99,353,2025,17.432098765432098,0.9164407849311829,0.9682921171188354,0.30924955010414124,0.33711546659469604,0.25249359011650085
FV,3,0.9,1502,2025,74.17283950617283,0.9115408062934875,0.9660352468490601,0.2879529297351837,0.3485616445541382,0.26293787360191345
FV,3,0.95,1191,2025,58.81481481481482,0.9115408062934875,0.9660352468490601,0.2879529297351837,0.3485616445541382,0.26293787360191345
FV,3,0.98,698,2025,34.46913580246914,0.9115408062934875,0.9660352468490601,0.2879529297351837,0.3485616445541382,0.26293787360191345
FV,3,0.99,315,2025,15.555555555555555,0.9115408062934875,0.9660352468490601,0.2879529297351837,0.3485616445541382,0.26293787360191345
FV,4,0.9,1441,2025,71.1604938271605,0.9003385305404663,0.9628876447677612,0.20938214659690857,0.3644160032272339,0.2735516130924225
FV,4,0.95,1156,2025,57.08641975308642,0.9003385305404663,0.9628876447677612,0.20938214659690857,0.3644160032272339,0.2735516130924225
FV,4,0.98,679,2025,33.53086419753086,0.9003385305404663,0.9628876447677612,0.20938214659690857,0.3644160032272339,0.2735516130924225
FV,4,0.99,355,2025,17.530864197530864,0.9003385305404663,0.9628876447677612,0.20938214659690857,0.3644160032272339,0.2735516130924225
FV,5,0.9,1417,2025,69.9753086419753,0.898405909538269,0.9577153921127319,0.14680984616279602,0.3740576207637787,0.29171597957611084
FV,5,0.95,1088,2025,53.72839506172839,0.898405909538269,0.9577153921127319,0.14680984616279602,0.3740576207637787,0.29171597957611084
FV,5,0.98,634,2025,31.308641975308642,0.898405909538269,0.9577153921127319,0.14680984616279602,0.3740576207637787,0.29171597957611084
FV,5,0.99,261,2025,12.88888888888889,0.898405909538269,0.9577153921127319,0.14680984616279602,0.3740576207637787,0.29171597957611084
FV,6,0.9,1164,2025,57.48148148148148,0.8421530723571777,0.9294267892837524,0.17985445261001587,0.47172054648399353,0.3749217987060547
FV,6,0.95,869,2025,42.91358024691358,0.8421530723571777,0.9294267892837524,0.17985445261001587,0.47172054648399353,0.3749217987060547
FV,6,0.98,468,2025,23.11111111111111,0.8421530723571777,0.9294267892837524,0.17985445261001587,0.47172054648399353,0.3749217987060547
FV,6,0.99,156,2025,7.703703703703704,0.8421530723571777,0.9294267892837524,0.17985445261001587,0.47172054648399353,0.3749217987060547
FV,7,0.9,1392,2025,68.74074074074073,0.8973709940910339,0.9561418294906616,0.2463901787996292,0.37617775797843933,0.29664701223373413
FV,7,0.95,1088,2025,53.72839506172839,0.8973709940910339,0.9561418294906616,0.2463901787996292,0.37617775797843933,0.29664701223373413
FV,7,0.98,614,2025,30.320987654320987,0.8973709940910339,0.9561418294906616,0.2463901787996292,0.37617775797843933,0.29664701223373413
FV,7,0.99,311,2025,15.358024691358024,0.8973709940910339,0.9561418294906616,0.2463901787996292,0.37617775797843933,0.29664701223373413
RV,28,0.9,1306,2025,64.49382716049382,0.8822518587112427,0.9556764364242554,0.1728474497795105,0.3944341540336609,0.29931801557540894
RV,28,0.95,1060,2025,52.345679012345684,0.8822518587112427,0.9556764364242554,0.1728474497795105,0.3944341540336609,0.29931801557540894
RV,28,0.98,702,2025,34.66666666666667,0.8822518587112427,0.9556764364242554,0.1728474497795105,0.3944341540336609,0.29931801557540894
RV,28,0.99,402,2025,19.85185185185185,0.8822518587112427,0.9556764364242554,0.1728474497795105,0.3944341540336609,0.29931801557540894
RV,29,0.9,1496,2025,73.87654320987654,0.9001460075378418,0.9719116687774658,0.15928182005882263,0.3477921187877655,0.2380230575799942
RV,29,0.95,1255,2025,61.97530864197531,0.9001460075378418,0.9719116687774658,0.15928182005882263,0.3477921187877655,0.2380230575799942
RV,29,0.98,869,2025,42.91358024691358,0.9001460075378418,0.9719116687774658,0.15928182005882263,0.3477921187877655,0.2380230575799942
RV,29,0.99,554,2025,27.358024691358025,0.9001460075378418,0.9719116687774658,0.15928182005882263,0.3477921187877655,0.2380230575799942
RV,30,0.9,1571,2025,77.58024691358024,0.9192221164703369,0.9729573726654053,0.23909664154052734,0.31773683428764343,0.23267455399036407
RV,30,0.95,1323,2025,65.33333333333333,0.9192221164703369,0.9729573726654053,0.23909664154052734,0.31773683428764343,0.23267455399036407
RV,30,0.98,866,2025,42.76543209876543,0.9192221164703369,0.9729573726654053,0.23909664154052734,0.31773683428764343,0.23267455399036407
RV,30,0.99,522,2025,25.77777777777778,0.9192221164703369,0.9729573726654053,0.23909664154052734,0.31773683428764343,0.23267455399036407
RV,31,0.9,1642,2025,81.08641975308643,0.9354037642478943,0.9815738201141357,0.35039186477661133,0.2772507965564728,0.19157058000564575
RV,31,0.95,1443,2025,71.25925925925925,0.9354037642478943,0.9815738201141357,0.35039186477661133,0.2772507965564728,0.19157058000564575
RV,31,0.98,1059,2025,52.2962962962963,0.9354037642478943,0.9815738201141357,0.35039186477661133,0.2772507965564728,0.19157058000564575
RV,31,0.99,692,2025,34.17283950617284,0.9354037642478943,0.9815738201141357,0.35039186477661133,0.2772507965564728,0.19157058000564575
RV,32,0.9,1571,2025,77.58024691358024,0.9157172441482544,0.9754379391670227,0.17450149357318878,0.3172144591808319,0.2220800369977951
RV,32,0.95,1348,2025,66.5679012345679,0.9157172441482544,0.9754379391670227,0.17450149357318878,0.3172144591808319,0.2220800369977951
RV,32,0.98,916,2025,45.23456790123457,0.9157172441482544,0.9754379391670227,0.17450149357318878,0.3172144591808319,0.2220800369977951
RV,32,0.99,610,2025,30.12345679012346,0.9157172441482544,0.9754379391670227,0.17450149357318878,0.3172144591808319,0.2220800369977951
RV,35,0.9,1420,2025,70.12345679012346,0.8911677598953247,0.9683421850204468,0.20773199200630188,0.3697717487812042,0.2512160539627075
RV,35,0.95,1205,2025,59.50617283950618,0.8911677598953247,0.9683421850204468,0.20773199200630188,0.3697717487812042,0.2512160539627075
RV,35,0.98,774,2025,38.22222222222222,0.8911677598953247,0.9683421850204468,0.20773199200630188,0.3697717487812042,0.2512160539627075
RV,35,0.99,439,2025,21.679012345679013,0.8911677598953247,0.9683421850204468,0.20773199200630188,0.3697717487812042,0.2512160539627075
RV,36,0.9,1437,2025,70.96296296296296,0.9003347754478455,0.9670729637145996,0.1989707350730896,0.35184088349342346,0.2564564347267151
RV,36,0.95,1179,2025,58.22222222222222,0.9003347754478455,0.9670729637145996,0.1989707350730896,0.35184088349342346,0.2564564347267151
RV,36,0.98,803,2025,39.65432098765432,0.9003347754478455,0.9670729637145996,0.1989707350730896,0.35184088349342346,0.2564564347267151
RV,36,0.99,555,2025,27.40740740740741,0.9003347754478455,0.9670729637145996,0.1989707350730896,0.35184088349342346,0.2564564347267151
RV,38,0.9,1329,2025,65.62962962962963,0.8810266852378845,0.9508905410766602,0.14640462398529053,0.395309716463089,0.3131638467311859
RV,38,0.95,1025,2025,50.617283950617285,0.8810266852378845,0.9508905410766602,0.14640462398529053,0.395309716463089,0.3131638467311859
RV,38,0.98,692,2025,34.17283950617284,0.8810266852378845,0.9508905410766602,0.14640462398529053,0.395309716463089,0.3131638467311859
RV,38,0.99,432,2025,21.333333333333336,0.8810266852378845,0.9508905410766602,0.14640462398529053,0.395309716463089,0.3131638467311859
MVL,140,0.9,949,2025,46.864197530864196,0.7845658659934998,0.8808866739273071,0.16663749516010284,0.5767532587051392,0.48946619033813477
MVL,140,0.95,633,2025,31.25925925925926,0.7845658659934998,0.8808866739273071,0.16663749516010284,0.5767532587051392,0.48946619033813477
MVL,140,0.98,169,2025,8.345679012345679,0.7845658659934998,0.8808866739273071,0.16663749516010284,0.5767532587051392,0.48946619033813477
MVL,140,0.99,15,2025,0.7407407407407408,0.7845658659934998,0.8808866739273071,0.16663749516010284,0.5767532587051392,0.48946619033813477
MVL,141,0.9,1166,2025,57.58024691358025,0.8306497931480408,0.9269798994064331,0.14142167568206787,0.4917179346084595,0.3865180015563965
MVL,141,0.95,824,2025,40.69135802469136,0.8306497931480408,0.9269798994064331,0.14142167568206787,0.4917179346084595,0.3865180015563965
MVL,141,0.98,352,2025,17.382716049382715,0.8306497931480408,0.9269798994064331,0.14142167568206787,0.4917179346084595,0.3865180015563965
MVL,141,0.99,79,2025,3.901234567901234,0.8306497931480408,0.9269798994064331,0.14142167568206787,0.4917179346084595,0.3865180015563965
MVL,142,0.9,1017,2025,50.22222222222222,0.7954701781272888,0.9011964797973633,0.11828306317329407,0.5507471561431885,0.4482057988643646
MVL,142,0.95,704,2025,34.76543209876543,0.7954701781272888,0.9011964797973633,0.11828306317329407,0.5507471561431885,0.4482057988643646
MVL,142,0.98,241,2025,11.901234567901236,0.7954701781272888,0.9011964797973633,0.11828306317329407,0.5507471561431885,0.4482057988643646
MVL,142,0.99,21,2025,1.037037037037037,0.7954701781272888,0.9011964797973633,0.11828306317329407,0.5507471561431885,0.4482057988643646
MVL,143,0.9,1044,2025,51.55555555555556,0.8118618726730347,0.9062088131904602,0.023413587361574173,0.5324658155441284,0.4358096420764923
MVL,143,0.95,671,2025,33.1358024691358,0.8118618726730347,0.9062088131904602,0.023413587361574173,0.5324658155441284,0.4358096420764923
MVL,143,0.98,131,2025,6.469135802469136,0.8118618726730347,0.9062088131904602,0.023413587361574173,0.5324658155441284,0.4358096420764923
MVL,143,0.99,12,2025,0.5925925925925926,0.8118618726730347,0.9062088131904602,0.023413587361574173,0.5324658155441284,0.4358096420764923
MVL,144,0.9,1279,2025,63.160493827160494,0.8558916449546814,0.9367536306381226,0.18798089027404785,0.4606021046638489,0.3570961058139801
MVL,144,0.95,878,2025,43.358024691358025,0.8558916449546814,0.9367536306381226,0.18798089027404785,0.4606021046638489,0.3570961058139801
MVL,144,0.98,223,2025,11.012345679012347,0.8558916449546814,0.9367536306381226,0.18798089027404785,0.4606021046638489,0.3570961058139801
MVL,144,0.99,21,2025,1.037037037037037,0.8558916449546814,0.9367536306381226,0.18798089027404785,0.4606021046638489,0.3570961058139801
MVL,145,0.9,956,2025,47.20987654320988,0.7889788746833801,0.8885893225669861,0.056103918701410294,0.5714163780212402,0.47278904914855957
MVL,145,0.95,580,2025,28.641975308641975,0.7889788746833801,0.8885893225669861,0.056103918701410294,0.5714163780212402,0.47278904914855957
MVL,145,0.98,113,2025,5.580246913580247,0.7889788746833801,0.8885893225669861,0.056103918701410294,0.5714163780212402,0.47278904914855957
MVL,145,0.99,7,2025,0.34567901234567905,0.7889788746833801,0.8885893225669861,0.056103918701410294,0.5714163780212402,0.47278904914855957
MVL,165,0.9,1237,2025,61.08641975308642,0.8354657292366028,0.9376254081726074,0.1351349949836731,0.47237810492515564,0.3544662892818451
MVL,165,0.95,905,2025,44.69135802469136,0.8354657292366028,0.9376254081726074,0.1351349949836731,0.47237810492515564,0.3544662892818451
MVL,165,0.98,446,2025,22.024691358024693,0.8354657292366028,0.9376254081726074,0.1351349949836731,0.47237810492515564,0.3544662892818451
MVL,165,0.99,128,2025,6.320987654320988,0.8354657292366028,0.9376254081726074,0.1351349949836731,0.47237810492515564,0.3544662892818451
MVL,169,0.9,1067,2025,52.69135802469136,0.8269379138946533,0.9094529151916504,0.11504621058702469,0.5174487829208374,0.42738834023475647
MVL,169,0.95,651,2025,32.148148148148145,0.8269379138946533,0.9094529151916504,0.11504621058702469,0.5174487829208374,0.42738834023475647
MVL,169,0.98,143,2025,7.061728395061728,0.8269379138946533,0.9094529151916504,0.11504621058702469,0.5174487829208374,0.42738834023475647
MVL,169,0.99,24,2025,1.1851851851851851,0.8269379138946533,0.9094529151916504,0.11504621058702469,0.5174487829208374,0.42738834023475647
MVR,44,0.9,1509,2025,74.51851851851852,0.9158106446266174,0.964565634727478,0.3091237545013428,0.3431364595890045,0.26703739166259766
MVR,44,0.95,1179,2025,58.22222222222222,0.9158106446266174,0.964565634727478,0.3091237545013428,0.3431364595890045,0.26703739166259766
MVR,44,0.98,733,2025,36.19753086419753,0.9158106446266174,0.964565634727478,0.3091237545013428,0.3431364595890045,0.26703739166259766
MVR,44,0.99,274,2025,13.530864197530864,0.9158106446266174,0.964565634727478,0.3091237545013428,0.3431364595890045,0.26703739166259766
MVR,45,0.9,1700,2025,83.9506172839506,0.940396785736084,0.9769766330718994,0.253329873085022,0.28615859150886536,0.21453319489955902
MVR,45,0.95,1409,2025,69.58024691358024,0.940396785736084,0.9769766330718994,0.253329873085022,0.28615859150886536,0.21453319489955902
MVR,45,0.98,928,2025,45.827160493827165,0.940396785736084,0.9769766330718994,0.253329873085022,0.28615859150886536,0.21453319489955902
MVR,45,0.99,399,2025,19.703703703703702,0.940396785736084,0.9769766330718994,0.253329873085022,0.28615859150886536,0.21453319489955902
MVR,46,0.9,1264,2025,62.419753086419746,0.8723390698432922,0.9464765787124634,0.16240720450878143,0.4185204803943634,0.32895392179489136
MVR,46,0.95,987,2025,48.74074074074074,0.8723390698432922,0.9464765787124634,0.16240720450878143,0.4185204803943634,0.32895392179489136
MVR,46,0.98,638,2025,31.506172839506174,0.8723390698432922,0.9464765787124634,0.16240720450878143,0.4185204803943634,0.32895392179489136
MVR,46,0.99,278,2025,13.728395061728396,0.8723390698432922,0.9464765787124634,0.16240720450878143,0.4185204803943634,0.32895392179489136
MVR,47,0.9,1486,2025,73.38271604938271,0.911133348941803,0.9613898992538452,0.252046674489975,0.35685160756111145,0.27945396304130554
MVR,47,0.95,1141,2025,56.345679012345684,0.911133348941803,0.9613898992538452,0.252046674489975,0.35685160756111145,0.27945396304130554
MVR,47,0.98,622,2025,30.716049382716047,0.911133348941803,0.9613898992538452,0.252046674489975,0.35685160756111145,0.27945396304130554
MVR,47,0.99,210,2025,10.37037037037037,0.911133348941803,0.9613898992538452,0.252046674489975,0.35685160756111145,0.27945396304130554
MVR,55,0.9,1453,2025,71.75308641975309,0.9007361531257629,0.9612460732460022,0.22117853164672852,0.36435389518737793,0.2787989675998688
MVR,55,0.95,1123,2025,55.45679012345679,0.9007361531257629,0.9612460732460022,0.22117853164672852,0.36435389518737793,0.2787989675998688
MVR,55,0.98,677,2025,33.4320987654321,0.9007361531257629,0.9612460732460022,0.22117853164672852,0.36435389518737793,0.2787989675998688
MVR,55,0.99,375,2025,18.51851851851852,0.9007361531257629,0.9612460732460022,0.22117853164672852,0.36435389518737793,0.2787989675998688
MVR,56,0.9,1408,2025,69.53086419753086,0.891485333442688,0.9593678712844849,0.08352161198854446,0.37966248393058777,0.28676626086235046
MVR,56,0.95,1108,2025,54.71604938271605,0.891485333442688,0.9593678712844849,0.08352161198854446,0.37966248393058777,0.28676626086235046
MVR,56,0.98,652,2025,32.19753086419753,0.891485333442688,0.9593678712844849,0.08352161198854446,0.37966248393058777,0.28676626086235046
MVR,56,0.99,371,2025,18.320987654320987,0.891485333442688,0.9593678712844849,0.08352161198854446,0.37966248393058777,0.28676626086235046
MVR,61,0.9,1279,2025,63.160493827160494,0.8666965961456299,0.9509100914001465,0.16420908272266388,0.4257068932056427,0.31383204460144043
MVR,61,0.95,1024,2025,50.567901234567906,0.8666965961456299,0.9509100914001465,0.16420908272266388,0.4257068932056427,0.31383204460144043
MVR,61,0.98,598,2025,29.530864197530864,0.8666965961456299,0.9509100914001465,0.16420908272266388,0.4257068932056427,0.31383204460144043
MVR,61,0.99,264,2025,13.037037037037036,0.8666965961456299,0.9509100914001465,0.16420908272266388,0.4257068932056427,0.31383204460144043
MVR,62,0.9,1388,2025,68.54320987654322,0.8870518207550049,0.9573830962181091,0.12193027138710022,0.38532212376594543,0.29144689440727234
MVR,62,0.95,1092,2025,53.925925925925924,0.8870518207550049,0.9573830962181091,0.12193027138710022,0.38532212376594543,0.29144689440727234
MVR,62,0.98,655,2025,32.34567901234568,0.8870518207550049,0.9573830962181091,0.12193027138710022,0.38532212376594543,0.29144689440727234
MVR,62,0.99,339,2025,16.74074074074074,0.8870518207550049,0.9573830962181091,0.12193027138710022,0.38532212376594543,0.29144689440727234
