camera,frame_id,mode,changed_percent,reused_percent,selected_tokens,token_fraction,full_dinov2_seconds,selective_backbone_seconds,mean_patch_cosine,median_patch_cosine,mean_relative_l2,baseline_detection_seconds,selective_detection_seconds,baseline_dets,selective_dets,matched_dets,baseline_match_rate,selective_match_rate,mean_matched_iou,mean_conf_abs_diff
FV,0,temporal_reuse,32.34567901234568,67.65432098765433,656,0.32379072063178677,0.10687439899993478,0.0300335349999159,0.9192696213722229,0.9574495553970337,0.34288525581359863,0.016710869000007733,0.016393949000075736,15,14,13,0.8666666666666667,0.9285714285714286,0.9474076062298165,0.08593868063046382
FV,1,temporal_reuse,32.74074074074074,67.25925925925927,664,0.32773938795656465,0.0787708919999659,0.028193364000003385,0.8953045606613159,0.9503868818283081,0.3889775574207306,0.016727821000017684,0.016410278999956063,23,20,19,0.8260869565217391,0.95,0.9365534092603206,0.057294061309412905
FV,2,temporal_reuse,23.802469135802472,76.19753086419753,483,0.23840078973346496,0.07881924499997695,0.02147486800004117,0.9152169823646545,0.9575008153915405,0.3471802771091461,0.01505451900004573,0.012808247999942068,10,9,9,0.9,1.0,0.9567952158422768,0.04940293894873725
FV,3,temporal_reuse,27.950617283950617,72.04938271604938,567,0.27986179664363275,0.053808705000051305,0.021764020000091477,0.9214596748352051,0.9600185751914978,0.3355254828929901,0.014409625999974196,0.012452226999926097,6,6,5,0.8333333333333334,0.8333333333333334,0.9566887698951468,0.12047901749610901
FV,4,temporal_reuse,22.814814814814817,77.18518518518519,463,0.22852912142152024,0.05386316099998112,0.022354165000024295,0.90923011302948,0.9504146575927734,0.3592332899570465,0.01612684300005185,0.013441572000033375,10,10,9,0.9,0.9,0.9445833100303894,0.07702482740084331
FV,5,temporal_reuse,23.555555555555554,76.44444444444444,478,0.23593287265547877,0.05300478300000577,0.021423411999990094,0.910916268825531,0.9466594457626343,0.36132270097732544,0.014898682999955781,0.012713180999980978,13,11,10,0.7692307692307693,0.9090909090909091,0.9232756718963151,0.07992279827594757
FV,6,temporal_reuse,30.02469135802469,69.9753086419753,609,0.3005923000987167,0.053948152999964805,0.02142143399998986,0.8935526013374329,0.9461306929588318,0.39130106568336487,0.014609008999968864,0.012621158999991167,15,13,13,0.8666666666666667,1.0,0.9407146009668578,0.12000195108927213
FV,7,temporal_reuse,27.45679012345679,72.54320987654322,557,0.27492596248766044,0.049838850000014645,0.021141172999932678,0.9175820350646973,0.959503710269928,0.3402130603790283,0.015254163999998127,0.013058159000024716,14,13,11,0.7857142857142857,0.8461538461538461,0.9553110529919354,0.10562897541306236
FV,8,temporal_reuse,28.098765432098766,71.90123456790124,570,0.2813425468904245,0.05050928799994381,0.02098193300003004,0.9012488126754761,0.9517027139663696,0.3786355257034302,0.01470340599996689,0.012676575999989836,11,10,9,0.8181818181818182,0.9,0.9337520292415847,0.11191837324036492
FV,9,temporal_reuse,31.45679012345679,68.54320987654322,638,0.3149062191510365,0.05083242499995322,0.020952102000023842,0.9114731550216675,0.9570691585540771,0.3577697277069092,0.01474493299997448,0.012127413000030174,6,4,4,0.6666666666666666,1.0,0.9627181806125817,0.07985902577638626
FV,10,temporal_reuse,30.962962962962965,69.03703703703704,628,0.3099703849950642,0.05065207100005864,0.021934554000040407,0.9078130125999451,0.9593551158905029,0.3637550175189972,0.015098687999966387,0.012239268000030279,14,9,8,0.5714285714285714,0.8888888888888888,0.9593709417378167,0.06342427060008049
FV,11,temporal_reuse,27.950617283950617,72.04938271604938,567,0.27986179664363275,0.05123980299993036,0.02004687400005878,0.8980435132980347,0.9476501941680908,0.38523897528648376,0.014668050999944171,0.012541800999997577,5,7,5,1.0,0.7142857142857143,0.9620265050495806,0.1563583195209503
FV,12,temporal_reuse,39.75308641975309,60.24691358024692,806,0.39782823297137215,0.04810391500006972,0.019881574000010005,0.8994560837745667,0.9488954544067383,0.38715246319770813,0.015212777999977334,0.013007829000002857,7,6,6,0.8571428571428571,1.0,0.9605440046166183,0.07762478291988373
FV,13,temporal_reuse,62.46913580246913,37.53086419753087,1266,0.6248766041461007,0.0476347280000482,0.026028789000065444,0.9186317920684814,0.9595233798027039,0.34148189425468445,0.015237000999945849,0.012571377999961442,7,7,7,1.0,1.0,0.9886787406623562,0.027850551264626638
FV,14,temporal_reuse,29.1358024691358,70.86419753086419,591,0.2917077986179664,0.04770575500003815,0.0202390850000711,0.8990479111671448,0.9530301094055176,0.38125985860824585,0.014165957000045637,0.01278582700001607,9,5,5,0.5555555555555556,1.0,0.9206720784414019,0.0698188841342926
FV,15,temporal_reuse,34.76543209876543,65.23456790123457,705,0.34797630799605134,0.04828825100003087,0.020781759999977112,0.8875772953033447,0.9434863924980164,0.40749433636665344,0.014503458999911345,0.012145321999923908,12,8,8,0.6666666666666666,1.0,0.9655144597259419,0.05166270211338997
FV,16,temporal_reuse,33.53086419753086,66.46913580246914,680,0.33563672260612043,0.04704523899999913,0.020314399999961097,0.9053910970687866,0.9639089107513428,0.3622344434261322,0.014225967000015771,0.012021750999906544,11,10,10,0.9090909090909091,1.0,0.9749859014108242,0.05913300812244415
FV,17,temporal_reuse,37.03703703703704,62.96296296296296,751,0.3706811451135242,0.046017357999971864,0.020516859000053955,0.9095119833946228,0.9588404893875122,0.35766831040382385,0.01451994600006401,0.012728471000059471,11,9,9,0.8181818181818182,1.0,0.9620231848478065,0.03139234913720025
FV,18,temporal_reuse,35.851851851851855,64.14814814814814,727,0.3588351431391905,0.05167564600003516,0.020256033000009666,0.9051258563995361,0.9549993276596069,0.37102210521698,0.01523060199997417,0.012526390999937576,15,12,12,0.8,1.0,0.9338663819847289,0.07720989733934402
FV,19,temporal_reuse,33.62962962962963,66.37037037037037,682,0.3366238894373149,0.046921003999955246,0.021039930000029017,0.8847887516021729,0.937483549118042,0.4193572402000427,0.014092058000073848,0.012085256999966987,11,7,6,0.5454545454545454,0.8571428571428571,0.9297760023137914,0.05265067517757416
FV,20,temporal_reuse,25.77777777777778,74.22222222222223,523,0.2581441263573544,0.04612059099997623,0.02015202000006866,0.9010444283485413,0.9487097263336182,0.3772375285625458,0.014553138999986004,0.012041353999961757,12,11,11,0.9166666666666666,1.0,0.9394652876064588,0.0866666625846516
FV,21,temporal_reuse,34.913580246913575,65.08641975308642,708,0.34945705824284307,0.04818198799989659,0.0192908899999793,0.9142650365829468,0.9532029628753662,0.35575932264328003,0.015334811000002446,0.012621413000033499,6,3,3,0.5,1.0,0.9616317129059944,0.17021850744883218
FV,22,temporal_reuse,20.39506172839506,79.60493827160494,414,0.20434353405725567,0.04731554700003926,0.020049966999977187,0.8674429655075073,0.9321892261505127,0.4388027489185333,0.014776804999996784,0.012575267999977768,8,8,7,0.875,0.875,0.9091429222009182,0.12014301334108625
FV,23,temporal_reuse,19.012345679012345,80.98765432098766,386,0.19052319842053306,0.046868323000012424,0.021135700000058932,0.880060613155365,0.9449237585067749,0.4105781614780426,0.015130397000007179,0.014011580999977014,13,10,10,0.7692307692307693,1.0,0.9367802712079385,0.04851469695568085
FV,24,temporal_reuse,33.33333333333333,66.66666666666666,676,0.3336623889437315,0.04769264799995199,0.02011403500000597,0.9166620969772339,0.9614619016647339,0.3415095806121826,0.014374734000057288,0.01230277600006957,5,6,3,0.6,0.5,0.9792761338326631,0.03204356630643209
FV,25,temporal_reuse,17.925925925925927,82.07407407407408,364,0.17966436327739388,0.047109258999967096,0.019978186000003006,0.9102319478988647,0.9591450095176697,0.353473424911499,0.01441264000004594,0.012522887999921295,6,6,6,1.0,1.0,0.9759616334950381,0.09548678000768025
FV,26,temporal_reuse,20.641975308641975,79.35802469135803,419,0.20681145113524185,0.04668848300002537,0.020275616000049013,0.913973867893219,0.9598541855812073,0.3434854745864868,0.014325243000030241,0.012334934000023168,11,8,7,0.6363636363636364,0.875,0.9309046709410371,0.10452972565378461
FV,27,temporal_reuse,18.71604938271605,81.28395061728395,380,0.18756169792694966,0.04846909399998367,0.02026059599995733,0.8899716734886169,0.9510133862495422,0.39136525988578796,0.015227029000016046,0.012330494000025283,10,8,6,0.6,0.75,0.9723615744829672,0.0621179590622584
FV,33,temporal_reuse,30.617283950617285,69.38271604938272,621,0.30651530108588354,0.047235055999976794,0.020006833999900664,0.9134339690208435,0.9524240493774414,0.35948318243026733,0.01473322399999688,0.012423021000017798,2,5,2,1.0,0.4,0.9818394767966845,0.0054718852043151855
FV,34,temporal_reuse,19.160493827160494,80.8395061728395,389,0.1920039486673248,0.047561373000007734,0.020091417000003275,0.9092804193496704,0.9583108425140381,0.3549220561981201,0.014694033999944622,0.023343903999943905,4,4,3,0.75,0.75,0.8967120435290256,0.15955179929733276
FV,37,temporal_reuse,2.814814814814815,97.18518518518519,58,0.028627838104639685,0.04725944399990567,0.019563200999982655,0.972753643989563,0.9944829940795898,0.15692569315433502,0.015277985999887278,0.012095511999973496,13,11,11,0.8461538461538461,1.0,0.9272243340880063,0.06881059570745988
FV,39,temporal_reuse,23.11111111111111,76.88888888888889,469,0.23149062191510364,0.0480577150000272,0.021102736999978333,0.9272027611732483,0.9738298058509827,0.3104577362537384,0.015183997000008276,0.012706976000004033,11,9,7,0.6363636363636364,0.7777777777777778,0.9553295989937808,0.05711015633174351
RV,28,temporal_reuse,16.444444444444446,83.55555555555556,334,0.1648568608094768,0.04866772200000469,0.019359609000048295,0.8920990228652954,0.946858286857605,0.3849429488182068,0.013549940999951104,0.012228203000063331,5,5,5,1.0,1.0,0.9745315574498271,0.06330006718635559
RV,29,temporal_reuse,16.098765432098766,83.90123456790124,327,0.16140177690029614,0.04623938499992164,0.034304364000036,0.9103683233261108,0.969083309173584,0.33938902616500854,0.020731198000021323,0.014146825000011631,8,7,6,0.75,0.8571428571428571,0.9378360125433999,0.08884842197100322
RV,30,temporal_reuse,11.703703703703704,88.29629629629629,238,0.11747285291214216,0.04741249599999264,0.0208550129999594,0.9075409770011902,0.9695374965667725,0.3439168632030487,0.014819358999943688,0.012420724999969934,3,2,2,0.6666666666666666,1.0,0.9853675588342918,0.09743818640708923
RV,31,temporal_reuse,11.851851851851853,88.14814814814815,241,0.11895360315893386,0.0498563070000273,0.02159263999999439,0.9201108813285828,0.9802393913269043,0.3072575628757477,0.016700060999937705,0.012799212000004445,6,4,4,0.6666666666666666,1.0,0.9205560194529692,0.024872876703739166
RV,32,temporal_reuse,15.604938271604937,84.39506172839506,317,0.1564659427443238,0.047952495999993516,0.0196757289999141,0.9224635362625122,0.9741146564483643,0.31530869007110596,0.014811257000019395,0.012111762999893472,6,5,5,0.8333333333333334,1.0,0.9521789084131514,0.03959161639213562
RV,35,temporal_reuse,30.17283950617284,69.82716049382715,612,0.3020730503455084,0.048589347999950405,0.021364732000051845,0.9247700572013855,0.9587992429733276,0.3258780837059021,0.014641821000054733,0.012204070999928263,2,1,1,0.5,1.0,0.8755611685863839,0.1105344295501709
RV,36,temporal_reuse,25.037037037037035,74.96296296296296,508,0.25074037512339586,0.04562106700007007,0.02026881099993716,0.9117816686630249,0.9589102268218994,0.34053337574005127,0.014324437000027501,0.01226898799995979,2,2,2,1.0,1.0,0.9652163488557035,0.02679726481437683
RV,38,temporal_reuse,24.395061728395063,75.60493827160494,495,0.2443237907206318,0.04677606199993534,0.02096481999990374,0.9035346508026123,0.9508883953094482,0.3624052405357361,0.01498867700001938,0.012577614999941034,13,11,9,0.6923076923076923,0.8181818181818182,0.9436319143860812,0.08020451664924622
RV,48,temporal_reuse,15.259259259259258,84.74074074074073,310,0.15301085883514315,0.05078472299999248,0.02041976300006354,0.9212695360183716,0.9746480584144592,0.3178151845932007,0.015334665999944264,0.012842927000065174,6,7,6,1.0,0.8571428571428571,0.9630060677163682,0.0520691970984141
RV,49,temporal_reuse,21.23456790123457,78.76543209876543,431,0.21273445212240868,0.046446912000078555,0.02002771499996925,0.9225289225578308,0.9739577770233154,0.3162633776664734,0.015106609999975262,0.012367298000071969,5,4,4,0.8,1.0,0.9526207806078458,0.01081874966621399
RV,50,temporal_reuse,17.185185185185183,82.81481481481482,349,0.17226061204343535,0.04730341699996643,0.019826276999992842,0.9179795980453491,0.9741794466972351,0.32022303342819214,0.014812078000090878,0.014240312999959315,8,9,7,0.875,0.7777777777777778,0.9099848153736809,0.1207340657711029
RV,51,temporal_reuse,31.851851851851855,68.14814814814815,646,0.3188548864758144,0.04732992100002775,0.02015426799994202,0.9220945239067078,0.9556168913841248,0.3281268775463104,0.014345579999940128,0.012612901000011334,5,5,4,0.8,0.8,0.9280632327639357,0.025379791855812073
RV,52,temporal_reuse,19.358024691358025,80.64197530864197,393,0.19397828232971373,0.04676632299992889,0.01931645000001936,0.9294929504394531,0.9737407565116882,0.30296292901039124,0.014387315000021772,0.012272937999910027,14,11,11,0.7857142857142857,1.0,0.9532926118391949,0.06248084794391285
RV,57,temporal_reuse,17.580246913580247,82.41975308641976,357,0.17620927936821323,0.04824256599999899,0.020178373999897303,0.9210361242294312,0.9745687246322632,0.3150344789028168,0.015186413000037646,0.013009400999976606,6,6,6,1.0,1.0,0.9613110319944608,0.04095178842544556
RV,58,temporal_reuse,19.901234567901234,80.09876543209876,404,0.19940769990128332,0.04767950900009055,0.020254477999969822,0.9122832417488098,0.9649417996406555,0.33792969584465027,0.014606003999915629,0.012093900000081703,7,6,6,0.8571428571428571,1.0,0.9554886392687602,0.04296886920928955
RV,63,temporal_reuse,18.320987654320987,81.67901234567901,372,0.18361303060217177,0.04844339800001762,0.01978362299996661,0.9236945509910583,0.9724949598312378,0.3143497407436371,0.014494224000031863,0.012087093999980425,7,6,6,0.8571428571428571,1.0,0.9350665858770877,0.09123154481252034
RV,64,temporal_reuse,20.98765432098765,79.01234567901234,426,0.2102665350444225,0.047091909999949166,0.020657198999970205,0.9173150658607483,0.9655687808990479,0.325886607170105,0.014656325999908404,0.012495434000015848,8,6,6,0.75,1.0,0.9292389999192331,0.06463311612606049
RV,67,temporal_reuse,16.938271604938272,83.06172839506173,344,0.16979269496544916,0.04815606699992259,0.02051144300003216,0.9301643371582031,0.9758561849594116,0.2963743507862091,0.014817923000009614,0.012600981999980831,7,5,5,0.7142857142857143,1.0,0.8775627179722847,0.09135481119155883
RV,72,temporal_reuse,25.876543209876544,74.12345679012346,525,0.2591312931885489,0.04754535000006399,0.02041502899999159,0.9050192832946777,0.9497931599617004,0.36472246050834656,0.014181768000071315,0.012120041000002857,17,15,14,0.8235294117647058,0.9333333333333333,0.9449087407397297,0.07290360118661608
RV,73,temporal_reuse,22.71604938271605,77.28395061728395,461,0.22754195459032575,0.04929114700007631,0.020105314000034014,0.9163895845413208,0.958565354347229,0.33785027265548706,0.01503237999997964,0.013385792000008223,12,9,8,0.6666666666666666,0.8888888888888888,0.9334321449505946,0.11089448258280754
RV,78,temporal_reuse,25.135802469135804,74.8641975308642,510,0.25172754195459035,0.04645804599999792,0.020355007000034675,0.9074695706367493,0.9561543464660645,0.3529520034790039,0.014455454999961148,0.012145449999934499,7,7,6,0.8571428571428571,0.8571428571428571,0.9318230034887468,0.0470924178759257
RV,79,temporal_reuse,0.8888888888888888,99.11111111111111,19,0.009378084896347482,0.04724366999994345,0.019672968999998375,0.9843342900276184,0.9957997798919678,0.12540800869464874,0.01570000699996399,0.012138408999931016,10,7,7,0.7,1.0,0.9326515094822625,0.1306921967438289
RV,86,temporal_reuse,22.51851851851852,77.48148148148148,457,0.22556762092793683,0.048513198000023294,0.020468394999966222,0.9256972670555115,0.969041109085083,0.3093983829021454,0.015210590000037882,0.012210629000037443,15,13,12,0.8,0.9230769230769231,0.892191859363828,0.08120230336983998
RV,87,temporal_reuse,29.23456790123457,70.76543209876543,593,0.2926949654491609,0.04868980699995973,0.02048301199999969,0.9154470562934875,0.9619225859642029,0.336311012506485,0.01445594799997707,0.012153979000004256,11,10,9,0.8181818181818182,0.9,0.9520124240537216,0.15377722846137154
RV,88,temporal_reuse,27.703703703703702,72.29629629629629,562,0.2773938795656466,0.0484304639999209,0.020410863000051904,0.9098028540611267,0.9603169560432434,0.3469860851764679,0.014437331000067388,0.012046605000023192,1,1,1,1.0,1.0,0.9064187564469488,0.013114333152770996
RV,103,temporal_reuse,23.85185185185185,76.14814814814815,484,0.2388943731490622,0.04747206600006848,0.020464920999984315,0.9036735892295837,0.9455267190933228,0.3708232641220093,0.014443421999999373,0.012375709000025381,3,3,3,1.0,1.0,0.9312436151541289,0.07669844230016072
RV,104,temporal_reuse,39.7037037037037,60.29629629629629,805,0.3973346495557749,0.04810634799991931,0.0200218989999712,0.9137355089187622,0.9566383957862854,0.353489488363266,0.014696583999921131,0.01223813000001428,3,2,2,0.6666666666666666,1.0,0.9787586418875833,0.008970633149147034
RV,105,temporal_reuse,33.876543209876544,66.12345679012346,687,0.3390918065153011,0.05132448800009115,0.02121320599997034,0.922742486000061,0.9584872722625732,0.32659396529197693,0.014792999999940548,0.012441000999956486,5,3,3,0.6,1.0,0.9520331687167066,0.16022539138793945
RV,106,temporal_reuse,20.444444444444446,79.55555555555556,415,0.2048371174728529,0.05656174299997474,0.02276266899991697,0.8920301795005798,0.9550620913505554,0.37101519107818604,0.015976961999967898,0.012748038999916389,6,5,4,0.6666666666666666,0.8,0.9333344677708241,0.145264133810997
RV,107,temporal_reuse,21.23456790123457,78.76543209876543,431,0.21273445212240868,0.052530208000007406,0.020712378000098397,0.9106099009513855,0.9624171853065491,0.339080810546875,0.015029149000042707,0.012851501000000098,9,4,4,0.4444444444444444,1.0,0.9487346193781735,0.09289683401584625
RV,108,temporal_reuse,37.4320987654321,62.5679012345679,759,0.37462981243830207,0.05378134900001896,0.02078773000005185,0.9066334962844849,0.9476751089096069,0.3732278048992157,0.01873540500002946,0.012043139000070369,9,7,7,0.7777777777777778,1.0,0.912476527746953,0.06007568325315203
RV,109,temporal_reuse,31.01234567901234,68.98765432098766,629,0.31046396841066143,0.052950549000001956,0.021043532000021514,0.9094009399414062,0.953782320022583,0.36103931069374084,0.014736570999957621,0.012154868000038732,6,5,5,0.8333333333333334,1.0,0.9753550043992746,0.020495611429214477
MVL,140,temporal_reuse,32.148148148148145,67.85185185185185,652,0.32181638696939785,0.05429882999999336,0.020212561999983336,0.8670265674591064,0.9275787472724915,0.4591141641139984,0.012926806999985274,0.012404357000036725,1,1,1,1.0,1.0,0.911205651179905,0.21013695001602173
MVL,141,temporal_reuse,24.098765432098766,75.90123456790123,489,0.24136229022704836,0.047565590999965934,0.020503308999991532,0.8669809103012085,0.9164547920227051,0.4506050646305084,0.014515428999970936,0.012412817000040377,2,1,0,0.0,0.0,0.0,0.0
MVL,142,temporal_reuse,38.71604938271605,61.283950617283956,785,0.3874629812438302,0.04978391599991028,0.02041026199992757,0.8940097689628601,0.948383629322052,0.4015263319015503,0.01568593999991208,0.01250334799999564,5,3,3,0.6,1.0,0.875049617572019,0.1931577722231547
MVL,143,temporal_reuse,33.28395061728395,66.71604938271605,675,0.33316880552813427,0.05014833100005944,0.020445951000056084,0.8785667419433594,0.938962996006012,0.4314810633659363,0.014356095000039204,0.012415508000003683,4,4,4,1.0,1.0,0.9584346672176713,0.07648702710866928
MVL,144,temporal_reuse,16.790123456790123,83.20987654320989,341,0.16831194471865746,0.04935202199999367,0.02038570799993522,0.8748527765274048,0.9353199005126953,0.4392739534378052,0.014630210999939663,0.012441326000043773,0,0,0,1.0,1.0,0.0,0.0
MVL,145,temporal_reuse,36.49382716049382,63.50617283950617,740,0.36525172754195456,0.049351753999985704,0.022000809000019217,0.854193925857544,0.9086953401565552,0.48314976692199707,0.0150901409999733,0.013139600000044993,2,3,1,0.5,0.3333333333333333,0.9679511021756861,0.26290324330329895
MVL,165,temporal_reuse,23.60493827160494,76.39506172839506,479,0.236426456071076,0.05759180200004721,0.020848479000051157,0.8677935600280762,0.9331296682357788,0.43330663442611694,0.015008684999997968,0.012384003000079247,4,3,3,0.75,1.0,0.9518508033081764,0.14045006036758423
MVL,169,temporal_reuse,29.333333333333332,70.66666666666667,595,0.2936821322803554,0.05112563099999079,0.020508145999997396,0.8849983215332031,0.9308961629867554,0.43220943212509155,0.014128747999961888,0.012305013000059262,2,5,2,1.0,0.4,0.9877612265024143,0.027762264013290405
MVL,173,temporal_reuse,22.617283950617285,77.38271604938272,459,0.2265547877591313,0.05091340499996022,0.020216580999999678,0.8968842625617981,0.9482014179229736,0.394307941198349,0.015448659999947267,0.012114222000036534,9,4,4,0.4444444444444444,1.0,0.9385029618215486,0.15545253455638885
MVL,180,temporal_reuse,18.617283950617285,81.38271604938272,378,0.18657453109575517,0.04878544600001078,0.020897921000027964,0.906570315361023,0.964297890663147,0.3660733103752136,0.01507938899999317,0.01252241099996354,4,2,2,0.5,1.0,0.9703770153847657,0.03785067796707153
MVL,181,temporal_reuse,18.864197530864196,81.1358024691358,383,0.18904244817374136,0.05100883199997952,0.020198228000026575,0.9015621542930603,0.9644073247909546,0.3686225712299347,0.014787544999990132,0.01211560699994152,5,3,3,0.6,1.0,0.9692345994030896,0.10110267003377278
MVL,182,temporal_reuse,17.925925925925927,82.07407407407408,364,0.17966436327739388,0.05056211099997654,0.02045327400003316,0.8934774994850159,0.9674884080886841,0.3717323839664459,0.01542884499997399,0.012475651000045218,1,1,0,0.0,0.0,0.0,0.0
MVL,183,temporal_reuse,21.432098765432098,78.5679012345679,435,0.21470878578479763,0.04953653500001565,0.020419588999970983,0.895598828792572,0.9583194255828857,0.3816123306751251,0.015422416999967936,0.012466696999922533,3,2,2,0.6666666666666666,1.0,0.9914873922663191,0.19178506731987
MVL,202,temporal_reuse,26.51851851851852,73.48148148148148,538,0.26554787759131293,0.04977079499997217,0.021065184999997655,0.9049692749977112,0.9516584873199463,0.37465035915374756,0.015210238000008758,0.012272590999941713,8,8,5,0.625,0.625,0.8912932916126632,0.07908971309661865
MVL,203,temporal_reuse,38.074074074074076,61.92592592592593,772,0.3810463968410661,0.04893094999999903,0.020252697000046282,0.913062572479248,0.9527897834777832,0.35896623134613037,0.015137168000023848,0.012392737999903147,2,3,2,1.0,0.6666666666666666,0.9714446889684141,0.0351857990026474
MVL,204,temporal_reuse,32.2962962962963,67.7037037037037,655,0.3232971372161895,0.04815797699995983,0.02059076599994114,0.9162111878395081,0.9563245177268982,0.3515297770500183,0.014808344000016405,0.01228666700001213,4,5,4,1.0,0.8,0.9493713175176973,0.12795212119817734
MVL,205,temporal_reuse,35.45679012345679,64.5432098765432,719,0.3548864758144126,0.048053607000042575,0.02015691799999786,0.9090391397476196,0.9507488012313843,0.36848071217536926,0.015284757000017635,0.012797187000046506,5,4,4,0.8,1.0,0.9645379452517464,0.034953489899635315
MVL,206,temporal_reuse,31.061728395061728,68.93827160493828,630,0.3109575518262586,0.04825413399998979,0.02019607800002632,0.9124826192855835,0.9541069269180298,0.3572457432746887,0.014555865000033918,0.012329724999972314,7,5,4,0.5714285714285714,0.8,0.9522135896398931,0.027093447744846344
MVL,207,temporal_reuse,41.48148148148148,58.51851851851851,841,0.41510365251727543,0.04744338600005449,0.020857810999928006,0.9143779277801514,0.9614378213882446,0.3570152223110199,0.015142918000037753,0.012359473000060461,10,10,8,0.8,0.8,0.9654921976768078,0.07668375968933105
MVL,208,temporal_reuse,37.23456790123457,62.76543209876543,755,0.37265547877591315,0.04886749000002055,0.0202301389999775,0.9017612934112549,0.9552675485610962,0.3769097924232483,0.015319935999968948,0.011989370999913262,5,4,3,0.6,0.75,0.955842721182229,0.06741216778755188
MVL,209,temporal_reuse,34.76543209876543,65.23456790123457,705,0.34797630799605134,0.048196649000033176,0.020183396999982506,0.9031628370285034,0.9472936987876892,0.3843168616294861,0.016136876000018674,0.013223304999996799,2,2,2,1.0,1.0,0.9487732731188739,0.006652534008026123
MVL,210,temporal_reuse,38.41975308641975,61.58024691358025,779,0.3845014807502468,0.04850366200003009,0.02083586200001264,0.9155411124229431,0.9580170512199402,0.3550303280353546,0.015754344000015408,0.012274428999944575,3,3,3,1.0,1.0,0.94401395856785,0.044116705656051636
MVL,211,temporal_reuse,34.5679012345679,65.4320987654321,701,0.34600197433366237,0.05263683700002275,0.020345600000041486,0.9125198721885681,0.9538394212722778,0.3664495646953583,0.01523948199996994,0.012644770000065364,3,3,2,0.6666666666666666,0.6666666666666666,0.9545462803860685,0.2781418710947037
MVL,212,temporal_reuse,37.48148148148148,62.51851851851852,760,0.3751233958538993,0.04892258300003505,0.020172805000015614,0.904228150844574,0.9502543807029724,0.3805850148200989,0.015120679000006021,0.012499115000082384,2,1,1,0.5,1.0,0.9162143484303971,0.16640889644622803
MVL,234,temporal_reuse,24.395061728395063,75.60493827160494,495,0.2443237907206318,0.046208000999968135,0.020024419000037597,0.8912578225135803,0.9406198859214783,0.3960425555706024,0.015262624000001779,0.012653892000002998,5,3,3,0.6,1.0,0.9174663141145792,0.039352466662724815
MVL,239,temporal_reuse,29.185185185185187,70.81481481481482,592,0.29220138203356366,0.048309809999977915,0.020160167000085494,0.8701747059822083,0.9185972213745117,0.4489397406578064,0.01468861300008939,0.012443003000043973,1,1,1,1.0,1.0,0.9917903783746642,0.05612868070602417
MVL,247,temporal_reuse,21.82716049382716,78.17283950617283,443,0.21865745310957552,0.04762790400002359,0.020217344000002413,0.8455766439437866,0.909307599067688,0.49210768938064575,0.014866685000015423,0.012598432000004323,2,1,1,0.5,1.0,0.9132263441677528,0.03010338544845581
MVL,248,temporal_reuse,10.123456790123457,89.87654320987654,206,0.1016781836130306,0.04725679399996352,0.020067370999981904,0.9134081602096558,0.970726728439331,0.34059277176856995,0.015081748000056905,0.012081405999992967,4,5,4,1.0,0.8,0.7774996530488478,0.10537633299827576
MVL,249,temporal_reuse,9.62962962962963,90.37037037037037,196,0.09674234945705824,0.04845423699998719,0.019649553000022024,0.9071849584579468,0.9644433259963989,0.3575560748577118,0.01510997299999417,0.012102841000000808,1,2,0,0.0,0.0,0.0,0.0
MVL,256,temporal_reuse,23.950617283950617,76.04938271604938,486,0.23988153998025666,0.04817694799999117,0.0209181789999775,0.9147399663925171,0.9554099440574646,0.36005914211273193,0.014959159,0.012877082999921186,14,10,8,0.5714285714285714,0.8,0.9036642930807111,0.11371893808245659
MVL,260,temporal_reuse,16.049382716049383,83.9506172839506,326,0.16090819348469892,0.05133511899998666,0.021684201000084613,0.8908429741859436,0.9514989256858826,0.3988240361213684,0.016756611999994675,0.013328849999993508,5,6,3,0.6,0.5,0.9487548421204085,0.32573647300402325
MVL,270,temporal_reuse,27.012345679012345,72.98765432098764,548,0.2704837117472853,0.05136484599995583,0.02126165899994703,0.9117619395256042,0.944911777973175,0.3577726483345032,0.015059382999993431,0.012251671999933933,1,1,1,1.0,1.0,0.9570360018523829,0.0380634069442749
MVR,44,temporal_reuse,22.074074074074073,77.92592592592592,448,0.2211253701875617,0.05129665100002967,0.01946349199999986,0.9106976389884949,0.9582400321960449,0.35914143919944763,0.013773333000017374,0.012562907999949857,3,3,2,0.6666666666666666,0.6666666666666666,0.977263629694906,0.01615503430366516
MVR,45,temporal_reuse,11.80246913580247,88.19753086419753,240,0.11846001974333663,0.04879324599994561,0.024515182999948593,0.9216213226318359,0.9755703210830688,0.32055234909057617,0.014833156000008785,0.01244542399990678,6,5,3,0.5,0.6,0.9452184687579733,0.10401790340741475
MVR,46,temporal_reuse,16.938271604938272,83.06172839506173,344,0.16979269496544916,0.04733335900004931,0.019621404999952574,0.8741148114204407,0.9391450881958008,0.41989460587501526,0.014723422000088249,0.012285804000043754,1,2,1,1.0,0.5,0.9445540133187227,0.09888526797294617
MVR,47,temporal_reuse,19.654320987654323,80.34567901234568,399,0.19693978282329713,0.048835586999985026,0.023987893000025906,0.9020883440971375,0.9565462470054626,0.37727171182632446,0.016316252999899916,0.013949220999961653,5,2,2,0.4,1.0,0.8725110366810382,0.11111275851726532
MVR,55,temporal_reuse,30.617283950617285,69.38271604938272,621,0.30651530108588354,0.04823520100001133,0.020058225999946444,0.9158774018287659,0.9458651542663574,0.352582722902298,0.014573030000065046,0.012389676999987387,7,9,6,0.8571428571428571,0.6666666666666666,0.9396291504986536,0.06997742255528767
MVR,56,temporal_reuse,21.530864197530864,78.46913580246914,437,0.21569595261599211,0.04742085699990639,0.020117357999993146,0.9016749858856201,0.9501762390136719,0.3720284700393677,0.01508089700007531,0.012089661000004526,2,2,1,0.5,0.5,0.9691547295863661,0.6996178925037384
MVR,61,temporal_reuse,14.864197530864198,85.1358024691358,302,0.14906219151036526,0.047562622999976156,0.02029578200006199,0.8709062933921814,0.9485651850700378,0.42396655678749084,0.015566720999913741,0.012470133000078931,0,0,0,1.0,1.0,0.0,0.0
MVR,62,temporal_reuse,15.407407407407408,84.5925925925926,313,0.15449160908193485,0.04654005199995481,0.019926094999959787,0.8911792039871216,0.9551939964294434,0.3833766579627991,0.014569319999964137,0.012061674000051426,1,1,1,1.0,1.0,0.9713267932725904,0.00413435697555542
MVR,66,temporal_reuse,14.222222222222221,85.77777777777777,289,0.14264560710760119,0.04774128999997629,0.019811816000014915,0.8908034563064575,0.9633614420890808,0.3785165250301361,0.01514482200002476,0.012317840000036995,4,2,1,0.25,0.5,0.9268527742615885,0.1462133824825287
MVR,70,temporal_reuse,29.28395061728395,70.71604938271605,594,0.29318854886475815,0.04791608899995481,0.021451535999972293,0.8790073394775391,0.9170982837677002,0.43941664695739746,0.014318891000016265,0.012281667000024754,0,0,0,1.0,1.0,0.0,0.0
MVR,71,temporal_reuse,20.938271604938272,79.06172839506172,425,0.20977295162882528,0.05581436800002848,0.01999991900004261,0.8769673109054565,0.9266306757926941,0.42560523748397827,0.014422356999943986,0.012220133000028,2,0,0,0.0,1.0,0.0,0.0
MVR,76,temporal_reuse,26.320987654320987,73.67901234567901,534,0.263573543928924,0.0480327910000824,0.021149149000052603,0.9083051085472107,0.9446455836296082,0.37426790595054626,0.014910585999928117,0.012681048999979794,2,1,0,0.0,0.0,0.0,0.0
MVR,77,temporal_reuse,0.34567901234567905,99.65432098765432,8,0.003948667324777887,0.05072961599989867,0.01913425099996857,0.9814090132713318,0.9933342933654785,0.15230166912078857,0.014877636999926835,0.013209345000063877,3,6,3,1.0,0.5,0.9856933310798736,0.025861064592997234
MVR,83,temporal_reuse,16.049382716049383,83.9506172839506,326,0.16090819348469892,0.04824776300006306,0.021221973000024263,0.8916712403297424,0.955828070640564,0.3943730592727661,0.016797387999986313,0.013585664999936853,3,3,3,1.0,1.0,0.9062116335350329,0.08001662294069926
MVR,84,temporal_reuse,15.654320987654321,84.34567901234567,318,0.15695952615992104,0.05578024999999798,0.019685256000002482,0.8911450505256653,0.9577494859695435,0.3933233618736267,0.016016912000054617,0.011999264999985826,4,4,3,0.75,0.75,0.9564630336539715,0.16674446066220602
MVR,85,temporal_reuse,25.97530864197531,74.0246913580247,527,0.2601184600197433,0.04778091699995457,0.02037327000005007,0.873725414276123,0.9192455410957336,0.43268322944641113,0.014155356999935975,0.012300674000016443,0,1,0,1.0,0.0,0.0,0.0
MVR,96,temporal_reuse,24.987654320987655,75.01234567901236,507,0.2502467917077986,0.04828010999995058,0.020809814000017468,0.8732742667198181,0.9176691174507141,0.4365701675415039,0.014537111999970875,0.012430158000029223,0,0,0,1.0,1.0,0.0,0.0
MVR,97,temporal_reuse,35.851851851851855,64.14814814814814,727,0.3588351431391905,0.04834384899993438,0.019513035999921158,0.894371747970581,0.9248979091644287,0.4019230902194977,0.014998679000086668,0.012229759999968337,1,0,0,0.0,1.0,0.0,0.0
MVR,98,temporal_reuse,34.123456790123456,65.87654320987654,692,0.3415597235932873,0.047864979999985735,0.0194096200000331,0.8899246454238892,0.9291870594024658,0.41408517956733704,0.015277763000085542,0.012695451000013236,0,0,0,1.0,1.0,0.0,0.0
MVR,99,temporal_reuse,26.814814814814813,73.18518518518519,544,0.26850937808489633,0.04785045000005539,0.02013690299997961,0.8947975635528564,0.9416868686676025,0.3936249315738678,0.015290646999915225,0.013959887999931198,0,0,0,1.0,1.0,0.0,0.0
MVR,100,temporal_reuse,20.88888888888889,79.11111111111111,424,0.20927936821322804,0.050103745000001254,0.020485524000037003,0.8622848987579346,0.923580527305603,0.45267775654792786,0.015370530000041072,0.012575003000051765,1,1,0,0.0,0.0,0.0,0.0
MVR,101,temporal_reuse,33.382716049382715,66.61728395061728,677,0.3341559723593287,0.048997553999925,0.02080003300000044,0.8779304623603821,0.9109842777252197,0.43633323907852173,0.014542478999942432,0.012146669000003385,2,2,2,1.0,1.0,0.9064787070704421,0.14786197245121002
MVR,102,temporal_reuse,41.53086419753087,58.46913580246914,842,0.4155972359328727,0.04961359200001425,0.021536497000056443,0.9060527682304382,0.9466972947120667,0.38269826769828796,0.014698598000109087,0.012576997999985906,3,1,1,0.3333333333333333,1.0,0.822486319453044,0.08381372690200806
MVR,116,temporal_reuse,28.444444444444443,71.55555555555554,577,0.28479763079960513,0.04947234400003708,0.02029322799990041,0.8913816809654236,0.9315552115440369,0.41443002223968506,0.01403346999995847,0.012492909000002328,1,1,0,0.0,0.0,0.0,0.0
MVR,117,temporal_reuse,29.728395061728396,70.27160493827161,603,0.2976307996051333,0.04774799899996651,0.02061522300004981,0.9075542092323303,0.9409216642379761,0.37809714674949646,0.014124816999924406,0.012861755000017183,1,0,0,0.0,1.0,0.0,0.0
MVR,118,temporal_reuse,14.716049382716049,85.28395061728395,299,0.14758144126357353,0.05676010799993492,0.02100645000007262,0.8832922577857971,0.9522819519042969,0.40570029616355896,0.014833035000037853,0.012728086000038275,1,0,0,0.0,1.0,0.0,0.0
MVR,119,temporal_reuse,35.50617283950617,64.49382716049382,720,0.35538005923000987,0.058908325999937006,0.020474236000040946,0.9142178297042847,0.9441683888435364,0.36338549852371216,0.014469504999965466,0.012071388999970623,3,3,1,0.3333333333333333,0.3333333333333333,0.9443625350772314,0.39832767844200134
MVR,120,temporal_reuse,9.037037037037036,90.96296296296296,184,0.09081934846989141,0.05276326900002459,0.020193741999946724,0.9486939311027527,0.9871235489845276,0.23817571997642517,0.014486237000028268,0.012226338999994368,5,3,3,0.6,1.0,0.9812141596146194,0.02818576494852702
MVR,121,temporal_reuse,24.49382716049383,75.50617283950616,497,0.24531095755182625,0.05485672899999372,0.02149683899995125,0.8688350319862366,0.905634343624115,0.4469882547855377,0.014618208999991111,0.012704524000014317,2,1,1,0.5,1.0,0.9567276688824906,0.02794310450553894
MVR,129,temporal_reuse,17.530864197530864,82.46913580246914,356,0.175715695952616,0.053944024000088575,0.020667689000106293,0.9074693918228149,0.9666054248809814,0.3575645685195923,0.014426843999899575,0.012260719999972025,0,1,0,1.0,0.0,0.0,0.0
MVR,146,temporal_reuse,18.37037037037037,81.62962962962963,373,0.184106614017769,0.05405889400003616,0.020145500000012362,0.8917065858840942,0.9502379298210144,0.39596691727638245,0.01533344099993883,0.012416514000051393,3,3,2,0.6666666666666666,0.6666666666666666,0.9431239471443897,0.24881692230701447
MVR,147,temporal_reuse,27.012345679012345,72.98765432098764,548,0.2704837117472853,0.051292393999915475,0.0216005380000297,0.8803659081459045,0.919364333152771,0.42935794591903687,0.015113802000087162,0.01236299599997892,3,3,3,1.0,1.0,0.9865061650535933,0.08764679233233134
