camera,frame_id,change_score
FV,0,0.07524996995925903
FV,1,0.077877476811409
FV,2,0.05739126354455948
FV,3,0.06690593808889389
FV,4,0.050460416823625565
FV,5,0.05779708921909332
FV,6,0.0723663866519928
FV,7,0.06259877234697342
FV,8,0.06472855806350708
FV,9,0.0681270956993103
FV,10,0.08001495897769928
FV,11,0.06403756141662598
FV,12,0.0890655517578125
FV,13,0.16915445029735565
FV,14,0.06770890951156616
FV,15,0.07617821544408798
FV,16,0.08394879102706909
FV,17,0.0872109979391098
FV,18,0.0867336094379425
FV,19,0.08980537950992584
FV,20,0.05457219481468201
FV,21,0.08524949103593826
FV,22,0.04977952688932419
FV,23,0.050995323807001114
FV,24,0.07602044194936752
FV,25,0.04030977189540863
FV,26,0.04687792435288429
FV,27,0.04720577225089073
FV,33,0.06275912374258041
FV,34,0.046857669949531555
FV,37,0.012126126326620579
FV,39,0.0508636012673378
RV,28,0.05633131042122841
RV,29,0.039181534200906754
RV,30,0.03214794024825096
RV,31,0.03324718028306961
RV,32,0.0413857027888298
RV,35,0.05946587398648262
RV,36,0.05321522057056427
RV,38,0.05582915246486664
RV,48,0.040394123643636703
RV,49,0.04555285722017288
RV,50,0.04476475715637207
RV,51,0.06205836310982704
RV,52,0.044247958809137344
RV,57,0.0472843311727047
RV,58,0.05261820927262306
RV,63,0.04598328843712807
RV,64,0.053595785051584244
RV,67,0.04564976692199707
RV,72,0.07359231263399124
RV,73,0.060363419353961945
RV,78,0.05993138998746872
RV,79,0.011926436796784401
RV,86,0.05467887222766876
RV,87,0.07443727552890778
RV,88,0.06652586162090302
RV,103,0.05891404300928116
RV,104,0.0950581356883049
RV,105,0.07210828363895416
RV,106,0.04778427630662918
RV,107,0.05418701469898224
RV,108,0.0694609135389328
RV,109,0.06047068536281586
MVL,140,0.06996461749076843
MVL,141,0.06518238037824631
MVL,142,0.08650251477956772
MVL,143,0.0752146765589714
MVL,144,0.059734754264354706
MVL,145,0.09272582828998566
MVL,165,0.05991872027516365
MVL,169,0.08856987953186035
MVL,173,0.061570025980472565
MVL,180,0.05197445675730705
MVL,181,0.05334996432065964
MVL,182,0.04683086648583412
MVL,183,0.05833318457007408
MVL,202,0.07552772015333176
MVL,203,0.08111796528100967
MVL,204,0.07286486029624939
MVL,205,0.08109381049871445
MVL,206,0.07830099016427994
MVL,207,0.08994647115468979
MVL,208,0.08377750217914581
MVL,209,0.07706405967473984
MVL,210,0.08532673865556717
MVL,211,0.0798783078789711
MVL,212,0.0827452689409256
MVL,234,0.06220478191971779
MVL,239,0.07963737100362778
MVL,247,0.046589162200689316
MVL,248,0.03370267152786255
MVL,249,0.033305950462818146
MVL,256,0.05277548357844353
MVL,260,0.04957665875554085
MVL,270,0.06437614560127258
MVR,44,0.049000877887010574
MVR,45,0.03843086212873459
MVR,46,0.0494256354868412
MVR,47,0.051376231014728546
MVR,55,0.06057366356253624
MVR,56,0.055894263088703156
MVR,61,0.04086064547300339
MVR,62,0.04186515882611275
MVR,66,0.04361633211374283
MVR,70,0.06737174838781357
MVR,71,0.05433863401412964
MVR,76,0.057776737958192825
MVR,77,0.011830616742372513
MVR,83,0.048436980694532394
MVR,84,0.05281195417046547
MVR,85,0.055545222014188766
MVR,96,0.06295768916606903
MVR,97,0.07583988457918167
MVR,98,0.07429236173629761
MVR,99,0.054858144372701645
MVR,100,0.0492941178381443
MVR,101,0.06327544152736664
MVR,102,0.09503215551376343
MVR,116,0.05900194123387337
MVR,117,0.0688871517777443
MVR,118,0.040416374802589417
MVR,119,0.06709486246109009
MVR,120,0.030623601749539375
MVR,121,0.07160080969333649
MVR,129,0.04173539951443672
MVR,146,0.049638133496046066
MVR,147,0.06624925136566162
