camera,frame_index,threshold,potential_reuse_percent
FV,0,16.38051986694336,55.55555555555556
FV,1,16.38051986694336,47.11111111111111
FV,2,16.38051986694336,64.29629629629629
FV,3,16.38051986694336,62.320987654320994
FV,4,16.38051986694336,59.20987654320987
FV,5,16.38051986694336,58.12345679012346
FV,6,16.38051986694336,46.123456790123456
FV,7,16.38051986694336,55.604938271604944
FV,8,16.38051986694336,48.79012345679013
FV,9,16.38051986694336,53.67901234567901
FV,10,16.38051986694336,46.666666666666664
FV,11,16.38051986694336,49.382716049382715
FV,12,16.38051986694336,39.50617283950617
FV,13,16.38051986694336,22.37037037037037
FV,14,16.38051986694336,50.716049382716044
FV,15,16.38051986694336,40.543209876543216
RV,0,11.152517318725586,40.98765432098765
RV,1,11.152517318725586,52.49382716049382
RV,2,11.152517318725586,52.345679012345684
RV,3,11.152517318725586,61.03703703703703
RV,4,11.152517318725586,54.17283950617284
RV,5,11.152517318725586,47.11111111111111
RV,6,11.152517318725586,47.01234567901235
RV,7,11.152517318725586,39.01234567901234
RV,8,11.152517318725586,52.09876543209877
RV,9,11.152517318725586,51.901234567901234
RV,10,11.152517318725586,51.20987654320987
RV,11,11.152517318725586,39.45679012345679
RV,12,11.152517318725586,54.074074074074076
RV,13,11.152517318725586,52.148148148148145
RV,14,11.152517318725586,50.864197530864196
RV,15,11.152517318725586,54.074074074074076
MVL,0,15.824832916259766,35.65432098765432
MVL,1,15.824832916259766,43.901234567901234
MVL,2,15.824832916259766,37.876543209876544
MVL,3,15.824832916259766,40.59259259259259
MVL,4,15.824832916259766,51.70370370370371
MVL,5,15.824832916259766,35.160493827160494
MVL,6,15.824832916259766,48.93827160493827
MVL,7,15.824832916259766,36.74074074074074
MVL,8,15.824832916259766,58.5679012345679
MVL,9,15.824832916259766,63.70370370370371
MVL,10,15.824832916259766,64.49382716049382
MVL,11,15.824832916259766,64.5925925925926
MVL,12,15.824832916259766,64.29629629629629
MVL,13,15.824832916259766,50.46913580246913
MVL,14,15.824832916259766,48.74074074074074
MVL,15,15.824832916259766,54.567901234567906
MVR,0,13.024711608886719,51.901234567901234
MVR,1,13.024711608886719,63.75308641975309
MVR,2,13.024711608886719,44.69135802469136
MVR,3,13.024711608886719,50.37037037037037
MVR,4,13.024711608886719,50.567901234567906
MVR,5,13.024711608886719,48.98765432098766
MVR,6,13.024711608886719,43.55555555555555
MVR,7,13.024711608886719,46.0246913580247
MVR,8,13.024711608886719,53.23456790123456
MVR,9,13.024711608886719,28.987654320987655
MVR,10,13.024711608886719,41.333333333333336
MVR,11,13.024711608886719,47.40740740740741
MVR,12,13.024711608886719,91.25925925925927
MVR,13,13.024711608886719,48.839506172839506
MVR,14,13.024711608886719,50.617283950617285
MVR,15,13.024711608886719,38.46913580246913
